project_id,country,age_group,Gender,Region,SEL,expectedcompletes
155848,GT,0,Male,0,0,4934.0
156126,CL,0,0,0,D,3996.0
155853,GT,0,0,0,0,3453.0
157143,MX,36-65,0,0,0,2494.0
157143,MX,0,Male,0,0,2492.0
157143,MX,0,Female,0,0,2488.0
157143,MX,18-35,0,0,0,2486.0
156313,AR,0,Male,0,0,2474.0
156313,AR,0,Female,0,0,2472.0
157358,PE,0,0,0,0,2455.0
157289,MX,0,0,0,C+,2424.0
156274,MX,0,Male,0,0,2422.0
157289,MX,0,0,0,A/B,2417.0
156275,MX,0,Female,0,0,2399.0
156275,MX,0,Male,0,0,2396.0
156274,MX,0,Female,0,0,2350.0
156586,MX,18-24,0,0,0,2347.0
156276,MX,0,Male,0,0,2331.0
156276,MX,0,Female,0,0,2232.0
156324,GT,0,Male,0,0,2130.0
156324,GT,0,Female,0,0,2096.0
157175,MX,25-34,0,0,0,1977.0
155855,GT,0,Male,0,0,1967.0
155855,GT,0,Female,0,0,1966.0
156986,MX,18-25,0,0,0,1924.0
156980,MX,46-55,0,0,0,1913.0
156938,MX,25-34,0,0,0,1907.0
155856,DO,0,Male,0,0,1631.0
157358,PE,0,Male,0,0,1231.0
157358,PE,0,Female,0,0,1224.0
157309,AR,45-54,Male,0,0,1076.0
156519,MX,0,0,0,0,988.0
157175,MX,0,0,0,C+,984.0
157175,MX,0,0,0,A/B,979.0
157021,CO,55-65,0,0,0,979.0
156826,DO,0,Male,0,0,972.0
156519,MX,0,0,0,0,970.0
157402,BR,0,Male,0,0,968.0
156826,DO,0,0,0,0,967.0
157256,MX,0,0,0,0,944.0
157363,HN,0,Male,0,0,943.0
156986,MX,0,0,0,0,940.0
156938,MX,0,0,0,A/B,938.0
156986,MX,0,0,0,0,936.0
156826,DO,0,0,0,0,934.0
156519,MX,0,0,0,0,934.0
156938,MX,0,0,0,C+,934.0
157214,GT,0,Male,0,0,932.0
156826,DO,0,Female,0,0,929.0
157214,GT,0,Female,0,0,925.0
157402,BR,0,Female,0,0,916.0
156519,MX,0,0,0,0,899.0
156980,MX,0,0,0,0,894.0
156980,MX,0,0,0,0,890.0
157256,MX,0,0,0,0,886.0
156318,MX,0,0,0,0,871.0
157069,MX,18-40,0,0,0,860.0
156318,MX,0,0,0,0,854.0
156318,MX,0,0,0,0,839.0
156126,CL,56-65,Male,0,0,800.0
156126,CL,15-19,Female,0,0,800.0
156126,CL,20-24,Male,0,0,799.0
156126,CL,0,0,0,0,799.0
156126,CL,0,0,0,0,799.0
156126,CL,0,0,0,0,798.0
156126,CL,15-19,Male,0,0,798.0
156126,CL,0,0,0,0,797.0
156126,CL,0,0,0,0,794.0
157199,UY,0,Male,0,0,783.0
153297,PA,0,Male,0,0,772.0
156519,MX,0,0,0,0,762.0
156815,CR,0,Female,0,0,749.0
157363,HN,50-65,0,0,0,749.0
156815,CR,0,Male,0,0,748.0
156971,CR,18-24,0,0,0,747.0
157481,GT,0,Male,0,0,745.0
157100,PE,50-99,0,0,0,744.0
157100,PE,18-25,0,0,0,743.0
157100,PE,26-37,0,0,0,735.0
157100,PE,38-49,0,0,0,734.0
156096,MX,0,Male,0,0,708.0
156013,PE,35-44,0,0,0,705.0
156096,MX,0,Female,0,0,692.0
157376,BR,18-25,Male,0,0,678.0
156318,MX,0,0,0,E,673.0
156013,PE,0,Male,0,0,661.0
156318,MX,0,0,0,D,652.0
156318,MX,18-25,Male,0,0,647.0
157365,GT,45-60,0,0,0,643.0
156318,MX,0,0,0,D+,635.0
156053,CO,0,Male,0,0,624.0
156318,MX,36-45,Male,0,0,623.0
156318,MX,0,0,0,0,622.0
156318,MX,18-25,Female,0,0,621.0
156662,UY,0,Male,0,0,618.0
156318,MX,0,0,0,C-,618.0
156318,MX,0,0,0,C,615.0
157069,MX,0,Female,0,0,614.0
156318,MX,26-35,Male,0,0,614.0
157069,MX,0,Male,0,0,613.0
156318,MX,0,0,0,0,597.0
156383,GT,0,Female,0,0,596.0
156318,MX,0,0,0,C+,588.0
156383,GT,0,Male,0,0,565.0
157365,GT,0,0,Region VI- Suroccidental,0,548.0
155968,CO,0,0,0,0,537.0
156808,BR,0,0,0,D-E,521.0
157120,SV,0,0,Oriental,0,500.0
157078,DO,35-64,Male,0,0,500.0
157078,DO,18-24,Male,0,0,500.0
157380,CO,0,0,0,Estrato 6,500.0
157120,SV,0,0,Occidental,0,500.0
157380,CO,0,0,0,Estrato 5,498.0
156662,CR,0,Male,0,0,496.0
156983,MX,0,Male,0,0,496.0
157120,GT,25-34,0,0,0,494.0
157120,GT,18-24,0,0,0,494.0
157412,BR,0,Male,0,0,494.0
156983,MX,0,Female,0,0,492.0
157376,BR,18-25,Female,0,0,490.0
157021,CO,0,Male,0,0,488.0
157069,MX,0,0,0,C+,486.0
157021,CO,0,Female,0,0,480.0
156589,BR,0,0,0,D-E,477.0
156092,BR,0,0,0,D-E,476.0
157288,CO,0,0,0,0,474.0
156522,MX,0,Male,0,0,473.0
156522,MX,0,Female,0,0,455.0
157309,AR,45-54,Female,0,0,451.0
156855,CO,65-99,Female,0,0,450.0
156409,CL,0,Female,0,0,449.0
157171,SV,16-19,Male,0,0,449.0
156324,GT,0,0,0,0,448.0
156971,CR,0,Male,San Jose,0,448.0
156409,CL,0,Male,0,0,448.0
156324,GT,0,0,0,0,448.0
156248,BR,18-24,Male,0,0,448.0
156324,GT,0,0,0,0,447.0
156318,MX,56-60,Male,0,0,447.0
156324,GT,0,0,0,0,447.0
156324,GT,0,0,0,0,447.0
157171,SV,16-19,Female,0,0,446.0
156324,GT,0,0,0,0,445.0
156324,GT,0,0,0,0,444.0
156324,GT,0,0,0,0,444.0
156652,MX,0,Female,0,D+,444.0
156324,GT,0,0,0,0,443.0
156324,GT,0,0,0,0,442.0
156318,MX,56-60,Female,0,0,442.0
156669,BR,20-24,0,0,0,437.0
156318,MX,46-55,Female,0,0,435.0
156318,MX,46-55,Male,0,0,433.0
155798,BR,18-29,0,0,0,429.0
155809,GT,18-24,0,0,0,422.0
157120,PA,0,0,Other,0,400.0
156126,CL,35-44,Female,0,0,400.0
156126,CL,56-65,Female,0,0,399.0
157402,BR,0,0,Norte,0,395.0
156318,MX,0,0,0,A/B,394.0
156128,CL,0,0,0,D,393.0
156669,BR,25-29,0,0,0,393.0
156318,MX,0,0,0,0,392.0
157402,BR,0,0,0,B1,391.0
157402,BR,0,0,Centro-Oeste,0,389.0
157491,GT,0,Female,0,0,389.0
157402,BR,55-99,0,0,0,389.0
157309,AR,18-24,Male,0,0,388.0
157402,BR,45-54,0,0,0,387.0
156826,DO,18-24,0,0,0,385.0
156826,DO,55-99,0,0,0,385.0
156826,DO,35-44,0,0,0,384.0
157402,BR,0,0,Nordeste,0,382.0
157402,BR,0,0,Sul,0,381.0
156826,DO,25-34,0,0,0,380.0
157402,BR,0,0,0,C2,380.0
157214,GT,55-65,0,0,0,379.0
157402,BR,18-24,0,0,0,378.0
156463,MX,0,0,Northeast,0,374.0
157170,SV,16-19,Male,0,0,373.0
157214,GT,45-54,0,0,0,372.0
157170,SV,16-19,Female,0,0,372.0
157214,GT,18-24,0,0,0,371.0
157214,GT,35-44,0,0,0,370.0
157402,BR,0,0,0,C1,370.0
157402,BR,0,0,0,B2,370.0
156826,DO,45-54,0,0,0,367.0
157069,MX,41-55,0,0,0,367.0
157402,BR,25-34,0,0,0,367.0
157214,GT,25-34,0,0,0,365.0
156096,MX,0,0,0,0,363.0
157402,BR,35-44,0,0,0,363.0
156096,MX,0,0,0,0,360.0
156700,MX,0,0,0,0,350.0
156463,MX,0,Male,0,0,350.0
157171,SV,20-29,Male,0,0,350.0
157171,SV,30-39,Male,0,0,346.0
156522,MX,55-99,0,0,0,343.0
156669,BR,0,0,0,B1,339.0
157402,BR,0,0,Sudeste,0,337.0
156700,MX,0,0,0,0,337.0
157164,MX,0,Female,0,0,335.0
157257,MX,0,0,0,0,334.0
156522,MX,45-54,0,0,0,333.0
156053,CO,35-44,0,0,0,332.0
157155,BR,0,0,0,D-E,331.0
157206,CR,0,Female,0,0,331.0
156522,MX,0,0,0,E,329.0
157257,MX,0,0,0,0,325.0
153297,PA,0,0,Colon,0,325.0
157206,CR,0,Male,0,0,324.0
156522,MX,0,0,0,D,322.0
156047,CR,0,Male,0,0,321.0
156522,MX,0,0,0,D+,320.0
156855,CO,65-99,Male,0,0,315.0
155118,BR,0,0,0,0,314.0
155798,BR,30-99,0,0,0,306.0
156286,MX,0,0,0,C,304.0
156937,BR,0,Male,0,0,301.0
156746,BR,0,Male,0,0,300.0
153297,PA,0,0,Other,0,299.0
157481,GT,60-69,0,0,0,299.0
157173,SV,16-19,Female,0,0,299.0
157173,SV,16-19,Male,0,0,299.0
157170,GT,16-19,Male,0,0,297.0
156096,MX,0,0,0,0,296.0
157257,MX,0,0,0,0,295.0
157371,SV,35-44,Male,0,0,292.0
157170,SV,20-29,Male,0,0,291.0
157173,SV,20-29,Male,0,0,290.0
156953,MX,0,0,0,0,288.0
156248,BR,35-44,Male,0,0,287.0
155968,CO,0,0,0,Estrato 4,285.0
156700,MX,0,0,0,0,284.0
157170,GT,16-19,Female,0,0,284.0
155809,GT,0,Male,0,0,284.0
156846,CL,50-65,0,0,0,282.0
157371,SV,35-44,Female,0,0,281.0
156096,MX,0,0,0,0,279.0
157017,MX,0,0,0,E,275.0
155798,BR,0,0,Norte,0,273.0
157103,BR,0,Male,0,D-E,273.0
157199,UY,0,0,Litoral,0,271.0
155411,MX,0,Male,0,0,268.0
156846,CL,0,0,0,D,267.0
156855,CO,0,0,0,0,264.0
157199,UY,0,0,Centro-sur,0,263.0
156053,CO,0,0,0,0,262.0
157103,BR,0,Male,0,C2,257.0
155968,CO,0,0,0,Estrato 3,257.0
157114,BR,15-19,Male,0,0,256.0
157114,BR,20-24,Female,0,0,256.0
157114,BR,20-24,Male,0,0,256.0
157114,BR,20-24,Male,0,0,255.0
157114,BR,15-19,Female,0,0,255.0
157155,BR,0,0,Norte,0,255.0
157114,BR,20-24,Female,0,0,254.0
156286,MX,0,0,0,C+,252.0
157069,MX,0,0,0,D+,251.0
157115,BR,15-19,Female,0,0,250.0
157115,BR,15-19,Male,0,0,250.0
157380,CO,0,0,0,0,250.0
157091,PA,0,Female,0,0,250.0
157380,CO,0,0,0,0,250.0
157115,BR,15-19,Female,0,0,250.0
157115,BR,15-19,Male,0,0,250.0
157365,GT,0,0,Region VII- Noroccidental,0,250.0
157387,SV,35-65,Female,0,0,250.0
155411,MX,0,Male,0,0,250.0
157387,SV,35-65,Male,0,0,250.0
157387,SV,18-34,Male,0,0,249.0
157199,UY,0,0,Metropolitana,0,249.0
157387,SV,18-34,Female,0,0,249.0
157380,CO,0,0,0,0,248.0
157069,MX,0,0,0,C-,248.0
157380,CO,0,0,0,0,248.0
157017,MX,0,0,0,D,248.0
155678,VE,0,0,0,0,247.0
157481,GT,0,Female,0,0,247.0
157481,GT,18-29,0,0,0,247.0
156971,CR,25-34,0,0,0,246.0
157365,GT,35-44,0,0,0,246.0
157103,BR,0,Female,0,D-E,245.0
155798,BR,0,0,Centro-Oeste,0,245.0
157155,BR,0,0,Centro-Oeste,0,243.0
153161,PR,18-34,Female,0,0,243.0
157069,MX,0,0,0,C,242.0
157500,MX,0,Female,0,0,241.0
157174,MX,0,Male,0,0,241.0
156016,PE,35-44,Male,0,0,241.0
153161,PR,18-34,Male,0,0,241.0
156587,MX,45-54,0,0,0,239.0
156855,CO,45-64,Male,0,0,234.0
157368,EC,25-34,Male,0,0,233.0
157363,HN,34-49,0,0,0,233.0
155700,PY,0,Male,Occidental,0,232.0
155905,CO,0,0,0,Estrato 6,232.0
156700,MX,0,0,0,0,231.0
156008,HN,0,Male,0,0,231.0
156866,CL,0,Male,0,0,229.0
153297,PA,12-17,0,0,0,229.0
156846,CL,0,Male,0,0,228.0
157017,MX,0,0,0,D+,227.0
156811,BR,0,0,Norte,0,227.0
156587,MX,25-34,0,0,0,226.0
156008,HN,0,Female,0,0,224.0
156699,MX,0,0,0,0,224.0
157500,MX,0,Male,0,0,223.0
157098,PE,0,Male,0,0,222.0
157368,EC,25-34,Female,0,0,222.0
156517,MX,0,0,0,0,221.0
156053,CO,45-99,0,0,0,221.0
155984,CL,0,0,0,E,220.0
156127,CL,0,Female,0,D,220.0
156873,PE,0,Male,0,0,219.0
157173,SV,30-39,Female,0,0,219.0
155411,MX,0,Female,0,0,219.0
156127,CL,0,Male,0,D,218.0
156516,MX,0,0,0,0,217.0
155700,PY,0,Female,Occidental,0,217.0
157173,SV,30-39,Male,0,0,217.0
156014,PE,35-44,Male,0,0,217.0
155905,CO,0,Male,0,0,216.0
156587,MX,35-44,0,0,0,216.0
157170,SV,30-39,Male,0,0,215.0
156515,MX,0,0,0,0,214.0
156423,PA,0,0,0,0,213.0
153297,PA,0,0,Coclé,0,213.0
156811,BR,0,0,Centro-Oeste,0,212.0
155411,MX,0,Female,0,0,212.0
156014,PE,25-34,Male,0,0,209.0
156248,BR,25-34,Male,0,0,209.0
156086,BR,0,Male,0,D-E,209.0
157170,GT,30-39,Male,0,0,209.0
155905,CO,0,0,0,Estrato 5,207.0
156855,CO,45-64,Female,0,0,206.0
155798,BR,0,0,Sul,0,202.0
157500,MX,16-30,0,0,0,200.0
157115,BR,20-24,Male,0,0,200.0
157120,PA,0,0,Coclé,0,200.0
156947,CL,0,0,0,0,200.0
157170,GT,20-29,Male,0,0,200.0
157071,BR,0,Male,0,0,200.0
157103,BR,0,Female,0,C2,199.0
157120,PA,0,0,Colon,0,199.0
157494,MX,0,Male,0,0,199.0
157481,GT,50-59,0,0,0,199.0
156835,MX,18-19,0,0,0,199.0
155905,CO,0,Female,0,0,198.0
156835,MX,0,0,0,D+,198.0
156971,CR,0,Male,Other,0,198.0
157263,AR,18-24,Male,0,0,197.0
157120,PA,0,0,Chiriqui,0,197.0
156866,CL,0,0,0,AB,196.0
157257,MX,0,0,0,0,195.0
157091,PA,0,Male,0,0,195.0
157219,GT,0,Male,0,0,195.0
157263,AR,35-44,Male,0,0,194.0
156835,MX,0,0,0,C-,192.0
156843,BR,0,Male,Centro-Oeste,0,192.0
157263,AR,18-24,Female,0,0,192.0
157219,GT,0,Female,0,0,191.0
156811,BR,0,0,0,B1,190.0
156835,MX,0,0,0,C,190.0
157402,BR,0,0,0,D-E,190.0
156843,BR,0,0,0,C2,190.0
156873,PE,0,0,0,E,189.0
157263,AR,35-44,Female,0,0,188.0
156951,MX,0,Female,0,0,187.0
156013,PE,0,0,0,E,187.0
156409,CL,56-65,0,0,0,187.0
156409,CL,18-25,0,0,0,186.0
157402,BR,0,0,0,A,186.0
156811,BR,0,0,0,C2,186.0
156835,MX,50-99,0,0,0,186.0
156516,MX,0,0,0,A/B,186.0
156843,BR,50-59,0,0,0,184.0
156515,MX,0,0,0,A/B,184.0
156835,MX,20-29,0,0,0,180.0
156811,BR,0,0,Sul,0,179.0
156409,CL,36-45,0,0,0,179.0
153297,PA,0,0,Chiriqui,0,179.0
156951,MX,0,Male,0,0,178.0
157032,CL,18-24,0,0,0,176.0
157411,BR,0,0,0,0,176.0
156409,CL,46-55,0,0,0,176.0
156843,BR,0,0,0,B1,174.0
157325,MX,0,0,0,0,173.0
157411,BR,0,0,0,0,172.0
157155,BR,55-99,Female,0,0,172.0
157230,MX,18-25,0,0,0,171.0
156086,BR,0,Male,0,C2,171.0
156835,MX,40-49,0,0,0,170.0
156843,BR,0,0,0,C1,170.0
156013,PE,0,0,0,C2,170.0
156409,CL,26-35,0,0,0,169.0
156835,MX,30-39,0,0,0,167.0
156843,BR,20-29,0,0,0,167.0
155955,CL,0,Male,0,0,165.0
156522,MX,0,0,0,0,165.0
156013,PE,0,0,0,D,164.0
157411,BR,0,0,0,0,164.0
153297,PA,35-44,0,0,0,163.0
155700,PY,55-99,0,0,0,162.0
156335,PA,18-34,0,0,0,162.0
156855,CO,0,0,0,0,161.0
156086,BR,0,Male,0,C1,161.0
157017,MX,0,0,0,C-,161.0
156522,MX,0,0,0,0,161.0
156669,BR,0,0,0,B2,160.0
155903,MX,0,Male,0,0,160.0
156811,BR,0,0,Nordeste,0,160.0
156053,CO,0,0,0,0,159.0
156517,MX,0,0,0,A/B,159.0
157141,BR,0,Male,0,0,159.0
156667,BR,18-24,0,0,0,159.0
156938,MX,0,0,0,0,158.0
157175,MX,0,0,0,0,158.0
157176,SV,16-19,Male,0,0,158.0
157175,MX,0,0,0,0,158.0
156873,PE,0,0,0,D,158.0
156938,MX,0,0,0,0,157.0
157175,MX,0,0,0,0,157.0
156522,MX,0,0,0,0,157.0
156938,MX,0,0,0,0,156.0
156938,MX,0,0,0,0,156.0
156522,MX,0,0,0,0,156.0
156843,BR,40-49,0,0,0,156.0
156811,BR,0,0,0,A,156.0
156699,MX,0,0,0,0,156.0
157176,SV,16-19,Female,0,0,155.0
156852,PA,18-24,Male,0,0,155.0
157175,MX,0,0,0,0,155.0
157042,BR,0,0,Sudeste,0,155.0
156248,BR,18-24,Female,0,0,155.0
157175,MX,0,0,0,0,154.0
157141,BR,0,Female,0,0,154.0
157175,MX,0,0,0,0,154.0
157175,MX,0,0,0,0,154.0
156938,MX,0,0,0,0,153.0
156938,MX,0,0,0,0,153.0
156938,MX,0,0,0,0,153.0
157325,MX,0,0,0,0,152.0
157175,MX,0,0,0,0,152.0
156667,BR,55-99,0,0,0,152.0
156843,BR,30-39,0,0,0,152.0
153297,PA,25-34,0,0,0,152.0
153297,PA,45-75,0,0,0,151.0
155900,MX,0,0,0,0,151.0
157175,MX,0,0,0,0,151.0
157078,DO,0,0,Del Valle,0,150.0
157078,DO,0,0,Cibao Sur,0,150.0
157078,DO,0,0,Cibao Noroeste,0,150.0
157071,BR,0,Male,0,0,150.0
157176,SV,20-29,Male,0,0,150.0
157261,CR,0,Male,0,0,150.0
157071,BR,0,Male,0,0,150.0
156971,CR,0,Male,Alajuela,0,150.0
157078,DO,0,0,Cibao Nordeste,0,150.0
157103,BR,0,Male,0,C1,149.0
157176,SV,30-39,Male,0,0,149.0
157144,AR,50-65,0,0,0,149.0
157144,BR,50-65,0,0,0,149.0
153297,PA,18-24,0,0,0,148.0
157481,GT,40-49,0,0,0,148.0
156286,MX,45-65,Male,0,0,148.0
156938,MX,0,0,0,0,148.0
156746,BR,0,0,Norte,0,148.0
156335,PA,0,Male,0,0,148.0
156522,MX,0,0,0,0,148.0
157261,CR,0,Female,0,0,147.0
157170,SV,30-39,Female,0,0,147.0
157170,GT,50-59,Male,0,0,147.0
156383,GT,0,0,0,0,147.0
156852,PA,25-39,Male,0,0,147.0
157103,BR,0,Female,0,C1,146.0
157282,PR,0,Male,0,0,146.0
157500,MX,31-42,0,0,0,146.0
156053,CO,0,0,0,0,146.0
156383,GT,0,0,0,0,146.0
156645,MX,55-64,0,0,0,145.0
157089,MX,0,Male,0,0,145.0
156843,BR,0,0,0,B2,145.0
156383,GT,0,0,0,0,145.0
157371,SV,0,0,0,0,145.0
157098,PE,51-99,0,0,0,144.0
156383,GT,0,0,0,0,144.0
156645,MX,45-54,0,0,0,144.0
156866,CL,61-99,0,0,0,144.0
156383,GT,0,0,0,0,144.0
156756,GT,36-45,Female,0,0,144.0
156383,GT,0,0,0,0,143.0
156383,GT,0,0,0,0,143.0
156852,PA,18-24,Female,0,0,142.0
156667,BR,45-54,0,0,0,142.0
155678,VE,18-24,Female,0,0,142.0
156248,BR,55-99,Male,0,0,142.0
157371,SV,0,0,0,0,142.0
156383,GT,0,0,0,0,142.0
156248,BR,45-54,Male,0,0,142.0
156938,MX,0,0,0,0,141.0
156522,MX,0,0,0,0,141.0
157170,GT,50-59,Female,0,0,141.0
156645,MX,18-24,0,0,0,141.0
156852,PA,25-39,Female,0,0,140.0
156938,MX,0,0,0,0,139.0
156938,MX,0,0,0,0,138.0
157371,SV,0,0,0,0,138.0
156938,MX,0,0,0,0,138.0
156383,GT,0,0,0,0,137.0
156047,CR,0,0,0,0,137.0
157017,MX,0,0,0,0,136.0
156938,MX,0,0,0,0,135.0
157175,MX,0,0,0,0,135.0
156383,GT,0,0,0,0,135.0
155678,VE,25-34,Female,0,0,134.0
156086,BR,0,Female,0,D-E,134.0
157155,BR,55-99,Male,0,0,134.0
157089,MX,0,Female,0,0,133.0
155984,CL,0,0,0,D,131.0
156746,BR,55-99,0,0,0,131.0
157164,MX,35-44,0,0,0,129.0
156811,BR,0,0,0,C1,129.0
157005,MX,0,0,0,0,129.0
157175,MX,0,0,0,0,128.0
157114,BR,40-49,Male,0,0,128.0
157114,BR,50-59,Male,0,0,128.0
157114,BR,50-59,Female,0,0,128.0
157114,BR,30-39,Male,0,0,128.0
156286,MX,18-24,Male,0,0,128.0
156662,UY,0,Female,0,0,128.0
156652,MX,0,Male,0,D,128.0
157114,BR,25-29,Female,0,0,128.0
157114,BR,40-49,Female,0,0,127.0
156007,HN,0,Male,0,0,126.0
157114,BR,40-49,Male,0,0,126.0
157175,MX,0,0,0,0,126.0
156645,MX,35-44,0,0,0,126.0
157115,BR,20-24,Female,0,0,125.0
157175,MX,0,0,0,0,125.0
157114,BR,30-39,Female,0,0,125.0
157017,MX,0,0,0,0,125.0
157115,BR,20-24,Male,0,0,125.0
157115,BR,25-29,Male,0,0,125.0
157115,BR,30-39,Male,0,0,125.0
157412,BR,18-24,0,Centro-Oeste,0,124.0
157412,BR,55-99,0,Centro-Oeste,0,124.0
156645,MX,55-64,0,0,0,124.0
157412,BR,55-99,0,Norte,0,124.0
156645,MX,55-64,0,0,0,123.0
156866,CL,46-60,0,0,0,123.0
156811,BR,0,0,0,B2,123.0
156366,PA,18-24,0,0,0,122.0
156153,CL,0,0,0,D,122.0
157164,MX,25-34,0,0,0,122.0
156047,CR,0,0,0,0,122.0
157412,BR,18-24,0,Norte,0,122.0
156645,MX,25-34,0,0,0,122.0
156013,PE,0,0,0,C1,122.0
156645,MX,55-64,0,0,0,122.0
155876,GT,0,Female,0,0,121.0
155021,CL,0,0,0,D,121.0
157340,PE,0,0,0,D,120.0
157491,GT,25-34,0,0,0,120.0
156983,MX,35-44,0,0,0,120.0
156645,MX,18-24,0,0,0,120.0
156248,BR,0,0,0,0,120.0
156983,MX,25-34,0,0,0,120.0
156047,CR,0,0,0,0,120.0
157017,MX,0,0,0,0,119.0
157491,GT,18-24,0,0,0,119.0
156983,MX,35-44,0,0,0,119.0
156983,MX,25-34,0,0,0,119.0
157500,MX,43-54,0,0,0,119.0
157155,BR,45-54,Male,0,0,118.0
157371,SV,0,0,0,0,118.0
156983,MX,35-44,0,0,0,118.0
157155,BR,0,0,0,A,118.0
155021,CL,0,Male,0,0,117.0
156645,MX,55-64,0,0,0,117.0
156017,PE,0,0,0,C2,117.0
157411,BR,0,0,0,0,117.0
156645,MX,18-24,0,0,0,117.0
155900,MX,0,0,0,0,116.0
156017,PE,0,0,0,E,115.0
156286,MX,25-34,Male,0,0,115.0
155900,MX,18-24,Female,0,0,115.0
156667,BR,25-34,0,0,0,115.0
157411,BR,18-24,Male,0,0,115.0
156014,PE,0,0,0,E,115.0
156573,DO,0,Male,Cibao Norte,0,114.0
156645,MX,55-64,0,0,0,114.0
156645,MX,18-24,0,0,0,114.0
157089,MX,0,0,0,0,114.0
156579,DO,0,Male,Cibao Norte,0,114.0
155984,CL,0,0,0,C3,114.0
156017,PE,0,0,0,D,114.0
156413,AR,0,0,Noroeste,0,114.0
157411,BR,0,0,0,0,113.0
157368,EC,0,0,0,0,113.0
156014,PE,0,0,0,C2,113.0
156645,MX,18-24,0,0,0,113.0
156645,MX,18-24,0,0,0,112.0
156014,PE,0,0,0,D,112.0
156656,PE,45-99,Male,0,0,112.0
155905,CO,0,0,0,0,111.0
157089,MX,0,0,0,0,111.0
155905,CO,35-44,0,0,0,111.0
157091,PA,18-24,0,0,0,110.0
157368,EC,0,0,0,0,109.0
157368,EC,0,0,0,0,109.0
157098,PE,18-29,0,0,0,109.0
156014,PE,0,0,0,C1,108.0
156823,CO,0,0,0,0,108.0
155984,CL,0,0,0,C2,108.0
156630,CL,0,0,0,C2,108.0
156951,MX,55-99,0,0,0,108.0
156017,PE,0,0,0,C1,108.0
157411,BR,18-24,Female,0,0,108.0
156016,PE,0,0,0,C2,108.0
156746,BR,0,0,0,C2,108.0
156366,PA,40-65,0,0,0,107.0
156652,MX,0,Male,0,D+,107.0
156047,CR,0,0,0,0,107.0
155905,CO,0,0,0,0,107.0
157091,PA,45-54,0,0,0,107.0
157131,BR,0,Male,0,0,106.0
157089,MX,56-99,0,0,0,106.0
157193,CO,67-99,0,0,0,106.0
157411,BR,25-34,Male,0,0,105.0
155905,CO,45-60,0,0,0,105.0
156016,PE,0,0,0,E,105.0
154293,CL,0,Male,0,0,105.0
156667,BR,35-44,0,0,0,105.0
156016,PE,0,0,0,C1,104.0
156016,PE,25-34,Male,0,0,104.0
157411,BR,0,0,0,0,103.0
156016,PE,18-24,Male,0,0,103.0
155700,PY,45-54,0,0,0,102.0
156520,MX,0,0,0,C,102.0
156413,AR,0,Male,0,0,101.0
157017,MX,0,0,0,0,101.0
156248,BR,0,0,0,0,101.0
156248,BR,0,0,0,0,101.0
157412,BR,0,0,Centro-Oeste,0,100.0
157246,BR,0,0,0,0,100.0
157246,BR,0,0,0,0,100.0
157246,BR,0,0,0,0,100.0
157246,BR,0,0,0,0,100.0
157246,BR,0,0,0,0,100.0
157246,BR,0,0,0,0,100.0
157365,GT,0,0,Region III- Nororiental,0,100.0
157246,BR,0,0,0,0,100.0
157246,BR,0,0,0,0,100.0
157078,DO,0,0,Enriquillo,0,100.0
155905,CO,18-24,0,0,0,100.0
156843,BR,18-19,0,0,0,100.0
157078,DO,0,0,Yuma,0,100.0
156983,MX,45-50,0,0,0,100.0
156983,MX,45-50,0,0,0,100.0
157115,BR,25-29,Male,0,0,100.0
157115,BR,40-49,Female,0,0,100.0
156835,MX,0,0,0,E,100.0
156823,CO,0,0,0,0,100.0
157078,DO,0,0,Higuamo,0,100.0
157365,GT,0,0,Region II- Norte,0,100.0
157246,BR,0,0,0,0,99.0
157486,CR,0,0,Other,0,99.0
157008,MX,0,0,0,D+,99.0
157481,GT,30-39,0,0,0,99.0
156823,CO,0,0,0,0,99.0
156128,CL,15-19,Female,0,0,99.0
157078,DO,0,0,Valdesia,0,99.0
155905,CO,0,0,0,0,99.0
156983,MX,45-50,0,0,0,99.0
156971,CR,0,Male,Cartago,0,99.0
155905,CO,25-34,0,0,0,98.0
157263,AR,45-54,Female,0,0,98.0
157263,AR,45-54,Male,0,0,98.0
157246,BR,0,0,0,0,98.0
156973,PY,55-99,0,0,0,98.0
155955,CL,18-24,0,0,0,98.0
156128,CL,15-19,Male,0,0,98.0
156128,CL,20-24,Male,0,0,98.0
156937,BR,65-75,0,0,0,98.0
156587,MX,55-64,0,0,0,98.0
156971,CR,0,Female,Other,0,98.0
156843,BR,0,Male,Norte,0,98.0
157368,EC,0,0,0,0,98.0
157412,BR,0,0,Centro-Oeste,0,98.0
155905,CO,0,0,0,0,97.0
156973,PY,26-34,0,0,0,97.0
156522,MX,18-24,0,0,0,97.0
157091,PA,35-44,0,0,0,97.0
156843,BR,0,0,0,D-E,97.0
156973,UY,18-24,0,0,0,97.0
156835,MX,0,0,0,D,97.0
156983,MX,45-50,0,0,0,97.0
155809,GT,0,0,0,0,96.0
157008,MX,0,0,0,D,96.0
156153,CL,0,0,0,C3,96.0
156248,BR,0,0,0,0,96.0
156645,MX,45-54,0,0,0,96.0
156855,CO,0,0,0,0,96.0
156554,BR,0,0,0,C1,95.0
156947,CL,0,0,0,0,95.0
155876,GT,18-24,0,0,0,95.0
157322,CO,0,Male,0,0,95.0
156587,MX,55-64,0,0,0,95.0
156652,MX,0,Female,0,D,95.0
157089,MX,0,0,0,0,95.0
157214,GT,0,0,0,0,95.0
157214,GT,0,0,0,0,95.0
157214,GT,0,0,0,0,95.0
157214,GT,0,0,0,0,95.0
155809,GT,0,0,0,0,95.0
157214,GT,0,0,0,0,95.0
157214,GT,0,0,0,0,95.0
157214,GT,0,0,0,0,94.0
157214,GT,0,0,0,0,94.0
157214,GT,0,0,0,0,94.0
156973,UY,25-34,0,0,0,94.0
156587,MX,55-64,0,0,0,94.0
156587,MX,18-24,0,0,0,94.0
157214,GT,0,0,0,0,94.0
157214,GT,0,0,0,0,94.0
156973,UY,35-44,0,0,0,94.0
155411,MX,0,Male,0,0,94.0
156973,PY,45-54,0,0,0,93.0
157427,CL,0,Male,0,0,93.0
156973,UY,45-54,0,0,0,93.0
156843,BR,0,Female,Norte,0,92.0
156587,MX,35-44,0,0,0,92.0
156587,MX,45-54,0,0,0,92.0
156669,BR,0,Male,Norte,0,92.0
156587,MX,55-64,0,0,0,92.0
156587,MX,55-64,0,0,0,92.0
157411,BR,0,0,0,0,92.0
156554,BR,0,0,0,C2,92.0
155903,MX,18-24,0,0,0,92.0
157365,GT,20-34,0,0,0,92.0
156573,DO,0,Female,Cibao Norte,0,91.0
156973,UY,55-99,0,0,0,91.0
156579,DO,0,Female,Cibao Norte,0,91.0
156128,CL,20-24,Female,0,0,91.0
156354,CO,38-50,0,0,0,91.0
157431,BR,0,0,Sudeste,0,90.0
156016,PE,0,0,0,D,90.0
156645,MX,35-44,0,0,0,90.0
156423,PA,18-24,Male,0,0,90.0
157032,CL,0,Male,0,0,89.0
156823,CO,0,0,0,0,89.0
155900,MX,0,0,0,C-,89.0
156587,MX,55-64,0,0,0,89.0
156587,MX,18-24,0,0,0,89.0
157127,BR,0,Male,0,0,89.0
157193,CO,51-66,0,0,0,88.0
155916,BR,0,Male,0,0,88.0
156258,PA,15-24,Male,0,0,88.0
156811,BR,25-99,Male,Nordeste,0,87.0
156248,BR,0,0,0,0,87.0
156587,MX,18-24,0,0,0,87.0
156973,PY,35-44,0,0,0,87.0
156973,PY,18-25,0,0,0,87.0
155900,MX,25-34,Male,0,0,87.0
156843,BR,60-99,0,0,0,87.0
157017,MX,0,0,0,0,87.0
156127,CL,56-65,Female,0,0,87.0
157411,BR,0,0,0,0,87.0
157193,CO,16-30,0,0,0,86.0
156818,CL,0,Male,0,0,86.0
157431,BR,0,0,Norte,0,86.0
156413,AR,0,Female,0,0,86.0
155900,MX,35-44,Female,0,0,86.0
156947,CL,0,0,0,0,86.0
156811,BR,25-99,Male,Sul,0,86.0
157491,GT,35-44,0,0,0,86.0
157032,CL,0,Female,0,0,86.0
156669,BR,0,Male,Centro-Oeste,0,86.0
156587,MX,18-24,0,0,0,86.0
157431,BR,0,0,Centro-Oeste,0,85.0
157288,CO,0,0,0,Estrato 6,85.0
157171,SV,30-39,Female,0,0,85.0
157288,CO,0,0,0,Estrato 5,85.0
156843,BR,0,Female,Nordeste,0,85.0
156127,CL,0,0,0,0,85.0
156951,MX,18-24,0,0,0,85.0
157448,DO,60-69,Male,0,0,85.0
157448,DO,60-69,Female,0,0,85.0
156818,CL,0,Female,0,0,85.0
156951,MX,45-54,0,0,0,85.0
156587,MX,18-24,0,0,0,85.0
156843,BR,0,Female,Centro-Oeste,0,84.0
157210,MX,0,Male,0,0,84.0
157326,PR,0,Male,0,0,84.0
156127,CL,56-65,Male,0,0,84.0
156127,CL,0,0,0,0,84.0
156587,MX,18-24,0,0,0,84.0
157091,PA,25-34,0,0,0,84.0
156843,BR,0,Male,Sul,0,84.0
156248,BR,0,0,0,0,84.0
157448,DO,50-59,Male,0,0,84.0
157171,SV,20-29,Female,0,0,84.0
156423,PA,18-24,Female,0,0,83.0
156248,BR,0,0,0,0,83.0
156669,BR,0,Female,Norte,0,83.0
157448,DO,50-59,Female,0,0,83.0
157131,BR,0,Female,0,0,83.0
157082,GT,0,Male,0,0,82.0
157288,CO,0,0,0,Estrato 4,82.0
157089,MX,0,0,0,0,82.0
157333,DO,0,Male,0,0,81.0
157416,AR,46-55,0,0,0,81.0
156248,BR,0,0,0,0,81.0
156843,BR,0,Male,Nordeste,0,81.0
156522,MX,25-34,0,0,0,81.0
156947,CL,0,0,0,0,81.0
156667,BR,0,0,0,0,80.0
157472,AR,0,Male,Noreste,0,80.0
157082,GT,0,Female,0,0,80.0
156007,HN,0,0,0,0,80.0
156984,MX,45-50,0,0,0,80.0
156984,MX,45-50,0,0,0,80.0
157403,GT,0,0,0,C1,80.0
157403,GT,0,0,0,D2,80.0
156286,MX,35-44,Male,0,0,80.0
156413,AR,18-24,0,0,0,80.0
157416,AR,56-65,0,0,0,79.0
157471,AR,0,Male,0,0,79.0
157471,AR,0,Male,0,0,79.0
157403,GT,0,0,0,C3,79.0
157103,BR,0,Male,0,B1,79.0
157403,GT,0,0,0,C2,79.0
156984,MX,35-44,0,0,0,79.0
157017,MX,0,0,0,0,79.0
156645,MX,25-34,0,0,0,79.0
157472,AR,0,Male,Cuyo,0,79.0
157473,AR,0,Female,0,0,79.0
157288,CO,0,0,0,Estrato 3,79.0
157473,AR,0,Male,0,0,79.0
157473,AR,0,Female,0,0,78.0
156663,MX,45-50,0,0,0,78.0
157471,AR,0,Male,0,0,78.0
157448,DO,30-39,Male,0,0,78.0
157473,AR,0,Female,0,0,78.0
156684,MX,0,0,0,C,77.0
156860,BR,25-99,0,0,0,77.0
156248,BR,0,0,0,0,77.0
157155,BR,18-24,Male,0,0,77.0
155876,GT,13-17,0,0,0,77.0
156984,MX,35-44,0,0,0,76.0
157214,GT,0,0,0,0,76.0
156984,MX,25-34,0,0,0,76.0
157214,GT,0,0,0,0,76.0
157214,GT,0,0,0,0,76.0
157214,GT,0,0,0,0,76.0
156984,MX,45-50,0,0,0,76.0
156866,CL,0,0,0,0,76.0
156835,MX,0,Male,Northwest,0,76.0
156937,BR,0,0,0,0,76.0
157427,CL,55-65,0,0,0,76.0
156587,MX,25-34,0,0,0,76.0
157115,BR,25-29,Female,0,0,75.0
157261,CR,0,0,Cartago,0,75.0
157089,MX,46-55,0,0,0,75.0
157261,CR,0,0,Alajuela,0,75.0
157261,CR,0,0,San Jose,0,75.0
156984,MX,25-34,0,0,0,75.0
157115,BR,30-39,Male,0,0,75.0
157115,BR,40-49,Male,0,0,75.0
157115,BR,20-24,Female,0,0,75.0
157115,BR,40-49,Female,0,0,75.0
157115,BR,50-59,Female,0,0,75.0
157230,MX,26-35,0,0,0,75.0
157115,BR,40-49,Male,0,0,75.0
157214,GT,0,0,0,0,75.0
157333,DO,45-99,0,0,0,74.0
156522,MX,35-44,0,0,0,74.0
157214,GT,0,0,0,0,74.0
157448,DO,40-49,Male,0,0,74.0
156947,CL,0,0,0,0,74.0
157214,GT,0,0,0,0,74.0
157471,AR,0,Female,0,0,74.0
157214,GT,0,0,0,0,74.0
156248,BR,0,0,0,0,74.0
157214,GT,0,0,0,0,74.0
157115,BR,50-59,Female,0,0,74.0
157214,GT,0,0,0,0,74.0
155900,MX,0,0,0,A/B,73.0
156413,AR,0,0,Noreste,0,73.0
155809,GT,13-17,0,0,0,73.0
156984,MX,25-34,0,0,0,73.0
157230,MX,0,0,0,0,72.0
156366,PA,0,0,Colon,0,72.0
157261,CR,0,0,Other,0,72.0
157176,SV,40-44,Male,0,0,72.0
156937,BR,45-54,0,0,0,72.0
156866,CL,0,0,0,0,72.0
157288,CO,0,0,0,Estrato 2,72.0
156843,BR,0,Female,Sul,0,71.0
157217,GT,0,Male,0,0,71.0
156958,CL,57-99,Male,0,0,71.0
156958,CL,16-28,Male,0,0,71.0
155916,BR,0,Female,0,0,71.0
157089,MX,36-45,0,0,0,71.0
156855,CO,0,0,0,0,71.0
157176,SV,40-44,Female,0,0,71.0
157403,GT,0,0,0,D1,71.0
157288,CO,0,0,0,Estrato 1,71.0
156843,BR,0,0,0,A,70.0
156947,CL,0,0,0,0,70.0
156866,CL,0,0,0,E,70.0
153297,PA,0,Female,0,0,70.0
156587,MX,25-34,0,0,0,70.0
156947,CL,0,0,0,0,70.0
156968,CL,0,Male,0,0,70.0
156984,MX,35-44,0,0,0,70.0
156423,PA,0,0,0,0,69.0
156007,HN,0,0,0,0,69.0
156947,CL,0,0,0,0,69.0
157021,CO,0,0,0,0,69.0
157021,CO,0,0,0,0,69.0
157170,SV,20-29,Female,0,0,69.0
157170,GT,40-49,Male,0,0,69.0
157214,GT,0,0,0,0,68.0
157217,GT,0,Female,0,0,68.0
157359,MX,0,Male,0,0,68.0
157021,CO,0,0,0,0,68.0
156835,MX,0,Male,Northeast,0,68.0
156835,MX,0,Male,Southwest,0,67.0
156835,MX,0,Female,West,0,67.0
156947,CL,0,0,0,0,67.0
156835,MX,0,Male,West,0,67.0
156248,BR,0,0,0,0,67.0
156968,CL,0,Female,0,0,66.0
155809,GT,0,0,0,0,66.0
157213,GT,45-65,0,0,0,66.0
156127,CL,0,0,0,0,66.0
156835,MX,0,Female,Southwest,0,66.0
156127,CL,0,0,0,0,66.0
157333,DO,0,0,Metropolitana,0,65.0
157193,CO,0,0,0,Estrato 6,65.0
157427,CL,0,0,0,0,65.0
156413,AR,25-35,0,0,0,65.0
156974,CR,0,0,San Jose,0,65.0
156835,MX,0,Female,Southeast,0,65.0
156835,MX,0,Male,Southeast,0,65.0
156835,MX,0,0,0,A/B,64.0
156895,AR,60-99,0,0,0,64.0
155900,MX,25-34,Female,0,0,64.0
156127,CL,0,0,0,0,64.0
156653,AR,50-64,Male,0,0,63.0
157082,GT,25-43,0,0,0,63.0
155809,GT,0,Female,0,0,63.0
157213,GT,18-34,0,0,0,63.0
156835,MX,0,Female,Northeast,0,63.0
156816,CL,55-99,Male,0,0,63.0
156835,MX,0,Male,East,0,62.0
156835,MX,0,Female,East,0,62.0
157082,GT,18-24,0,0,0,62.0
156984,MX,45-50,0,0,0,62.0
156286,MX,0,0,0,0,62.0
157417,AR,56-65,0,0,0,62.0
157173,SV,40-49,Male,0,0,62.0
156286,MX,0,0,0,0,61.0
156951,MX,35-44,0,0,0,61.0
156835,MX,0,0,0,C+,61.0
157103,BR,0,Male,0,A,61.0
156248,BR,0,0,0,0,61.0
157427,CL,0,0,0,D,61.0
156472,MX,0,0,0,D,60.0
156835,MX,0,Male,North-Central,0,60.0
157261,CR,68-79,0,0,0,60.0
157071,BR,0,0,0,C2,60.0
156145,CO,18-24,0,0,Estrato 6,60.0
157261,CR,59-67,0,0,0,60.0
157119,EC,0,Female,0,0,60.0
157071,BR,0,0,0,C1,60.0
157193,CO,0,0,0,Estrato 4,60.0
157261,CR,18-28,0,0,0,60.0
156127,CL,0,0,0,0,60.0
157261,CR,48-58,0,0,0,60.0
156811,BR,18-24,Male,Centro-Oeste,0,60.0
157189,EC,0,0,0,0,60.0
156472,MX,0,0,0,D,60.0
156811,BR,18-24,Male,Norte,0,60.0
157359,MX,0,Male,0,0,60.0
156663,MX,45-50,0,0,0,60.0
156652,MX,0,Male,0,C-,60.0
156472,MX,0,0,0,D,60.0
157189,EC,0,0,0,0,60.0
157189,EC,0,0,0,0,60.0
156835,MX,0,Female,North-Central,0,60.0
155900,MX,0,0,0,C,60.0
157261,CR,38-47,0,0,0,59.0
156667,BR,0,0,0,0,59.0
156286,MX,0,0,0,0,59.0
156587,MX,45-54,0,0,0,59.0
156472,MX,0,0,0,C-,59.0
156472,MX,0,0,0,D,59.0
156472,MX,0,0,0,D+,59.0
157193,CO,31-50,0,0,0,59.0
157173,SV,40-49,Female,0,0,59.0
156811,BR,18-24,Male,Sul,0,59.0
156843,BR,0,Male,Sudeste,0,59.0
157008,MX,0,0,0,C-,59.0
156895,AR,18-29,0,0,0,58.0
157233,AR,0,Male,0,0,58.0
156286,MX,0,0,0,0,58.0
156472,MX,0,0,0,D+,58.0
156811,BR,18-24,Female,Centro-Oeste,0,58.0
156746,BR,0,0,0,D-E,58.0
156366,PA,0,0,Coclé,0,58.0
156472,MX,0,0,0,D,58.0
157193,CO,0,0,0,Estrato 5,58.0
157189,EC,0,0,0,0,58.0
157417,AR,36-45,0,0,0,58.0
157340,PE,0,0,0,C2,57.0
157234,AR,0,Male,0,0,57.0
156823,CO,0,0,0,0,57.0
156472,MX,0,0,0,D+,57.0
157170,GT,40-49,Female,0,0,57.0
156145,CO,18-24,0,0,Estrato 5,57.0
156667,BR,0,0,0,0,57.0
156835,MX,0,Male,South-Central,0,57.0
156811,BR,18-24,Female,Norte,0,57.0
156811,BR,25-99,Male,Norte,0,57.0
156785,VE,25-34,0,0,0,56.0
157144,BR,0,Male,0,B1,56.0
156811,BR,18-24,Male,Nordeste,0,56.0
156895,AR,30-44,0,0,0,56.0
157230,MX,0,0,0,0,56.0
156652,MX,0,Female,0,E,56.0
157340,PE,0,0,0,C1,56.0
157500,MX,0,0,0,0,56.0
156472,MX,0,0,0,D+,56.0
156937,BR,35-44,0,0,0,56.0
156663,MX,35-44,0,0,0,56.0
157189,EC,0,0,0,0,56.0
156746,BR,0,0,Centro-Oeste,0,56.0
156989,CL,0,Female,0,0,56.0
155809,GT,0,0,0,0,55.0
156083,CO,0,0,0,Estrato 6,55.0
156520,MX,0,0,0,C+,55.0
156472,MX,0,0,0,D,55.0
156746,BR,18-24,0,0,0,55.0
156866,CL,0,0,0,0,55.0
157417,AR,46-55,0,0,0,55.0
157127,BR,45-55,0,0,0,55.0
157071,BR,0,0,0,D-E,55.0
157071,BR,0,0,0,C2,55.0
157071,BR,0,0,0,C1,55.0
157193,CO,0,0,0,Estrato 3,54.0
155903,MX,0,0,0,D+,54.0
156630,PE,0,0,0,C2,54.0
157210,MX,0,Female,0,0,54.0
156667,BR,0,0,0,0,54.0
157226,CL,18-24,0,0,AB,54.0
156472,MX,0,0,0,C-,54.0
157098,PE,0,0,0,C2,54.0
156866,CL,0,Female,0,0,54.0
156663,MX,45-50,0,0,0,54.0
156472,MX,0,0,0,C-,54.0
156667,BR,0,0,0,0,54.0
157089,MX,0,0,0,0,54.0
157226,CL,18-24,0,0,C1b,54.0
157227,CL,18-24,0,0,C1b,54.0
157227,CL,18-24,0,0,C1a,54.0
157227,CL,18-24,0,0,AB,54.0
156472,MX,0,0,0,D+,54.0
157227,CL,35-44,0,0,D,54.0
157226,CL,25-29,0,0,D,53.0
157226,CL,18-24,0,0,C1a,53.0
156520,MX,35-44,Male,0,0,53.0
156811,BR,25-99,Female,Norte,0,53.0
157098,PE,0,0,0,C1,53.0
157227,CL,18-24,0,0,C2,53.0
157227,CL,30-34,0,0,D,53.0
156630,CL,18-24,0,0,0,53.0
157226,CL,30-34,0,0,D,53.0
157226,CL,18-24,0,0,C2,53.0
156663,MX,35-44,0,0,0,53.0
156096,MX,0,0,0,0,52.0
156663,MX,25-34,0,0,0,52.0
157008,MX,18-24,0,0,0,52.0
156662,CR,0,Female,0,0,52.0
157226,CL,18-24,0,0,C3,52.0
155955,CL,45-54,0,0,0,52.0
157227,CL,18-24,0,0,C3,52.0
156667,BR,0,0,0,0,52.0
156286,MX,18-24,Female,0,0,52.0
157491,GT,45-54,0,0,0,52.0
156811,BR,18-24,Male,Sudeste,0,52.0
156667,BR,0,0,0,0,51.0
157359,MX,0,Male,0,0,51.0
156811,BR,25-99,Male,Centro-Oeste,0,51.0
156667,BR,0,0,0,0,51.0
156667,BR,0,0,0,0,51.0
156520,MX,25-34,Male,0,0,51.0
157227,CL,18-24,0,0,D,51.0
157227,CL,25-29,0,0,D,51.0
157245,AR,0,Male,0,0,51.0
156811,BR,18-24,Female,Sul,0,51.0
156799,HN,40-49,0,0,0,51.0
157276,EC,0,0,0,D,51.0
156663,MX,25-34,0,0,0,51.0
156968,CL,56-65,0,0,AB,50.0
157412,BR,0,0,Centro-Oeste,0,50.0
156083,CO,0,0,0,Estrato 6,50.0
157021,CO,0,0,0,0,50.0
157098,PE,0,0,0,D,50.0
157412,BR,0,0,Centro-Oeste,0,50.0
157071,BR,0,0,0,D-E,50.0
156083,CO,0,0,0,Estrato 6,50.0
157412,BR,0,0,Norte,0,50.0
157021,CO,0,0,0,0,50.0
157412,BR,0,0,Norte,0,50.0
156960,BR,0,Male,0,0,50.0
157481,GT,0,0,0,0,50.0
156947,CL,0,0,0,0,50.0
156746,BR,0,0,0,B1,50.0
156096,MX,0,0,0,0,50.0
156978,BR,0,Male,0,0,50.0
157359,MX,0,Male,0,0,50.0
157481,GT,0,0,0,0,50.0
157481,GT,0,0,0,0,50.0
157481,GT,0,0,0,0,50.0
157481,GT,0,0,0,0,50.0
157481,GT,0,0,0,0,50.0
157481,GT,0,0,0,0,50.0
157481,GT,0,0,0,0,50.0
156472,MX,0,0,0,D+,50.0
157226,CL,18-24,0,0,D,50.0
157481,GT,0,0,0,0,50.0
156472,MX,0,0,0,C-,50.0
157481,GT,0,0,0,0,50.0
156866,CL,0,0,0,C1a,50.0
157481,GT,0,0,0,0,50.0
157481,GT,0,0,0,0,50.0
156145,CO,18-24,0,0,Estrato 4,49.0
156860,BR,18-24,0,0,0,49.0
157021,CO,0,0,0,0,49.0
156968,CL,0,Female,0,0,49.0
156978,BR,0,Female,0,0,49.0
155984,CL,0,0,0,AB,49.0
157481,GT,0,0,0,0,49.0
157481,GT,0,0,0,0,49.0
157481,GT,0,0,0,0,49.0
157021,CO,0,0,0,0,49.0
157155,BR,0,0,Sul,0,49.0
157481,GT,0,0,0,0,49.0
157481,GT,0,0,0,0,49.0
157411,BR,55-99,Female,0,0,48.0
155916,BR,0,0,0,D-E,48.0
157481,GT,0,0,0,0,48.0
156554,BR,55-99,0,0,0,48.0
157144,AR,0,Male,0,D2E,48.0
157412,BR,0,0,Norte,0,48.0
154293,CL,55-99,0,0,0,48.0
156006,HN,35-44,Female,0,0,48.0
156860,BR,18-24,0,0,0,48.0
156451,MX,25-34,0,0,0,48.0
156451,MX,45-50,0,0,0,48.0
157226,CL,25-44,0,0,D,48.0
157412,BR,0,0,Norte,0,48.0
155518,CO,18-24,Male,0,0,48.0
156427,BR,25-29,0,0,0,48.0
156472,MX,0,0,0,C-,48.0
155984,CL,0,0,0,0,47.0
157411,BR,55-99,Male,0,0,47.0
156451,MX,45-50,0,0,0,47.0
156554,BR,55-99,0,0,0,47.0
156258,CR,15-24,Male,0,0,47.0
157021,CO,0,0,0,0,47.0
157359,MX,0,Male,0,0,47.0
156665,CL,0,0,0,0,47.0
155984,CL,0,0,0,0,47.0
157500,MX,0,0,0,0,47.0
156587,MX,35-44,0,0,0,47.0
156451,MX,25-34,0,0,0,47.0
157103,BR,0,Male,0,B2,47.0
156554,BR,18-33,0,0,0,47.0
156811,BR,18-24,Female,Nordeste,0,46.0
155984,CL,0,0,0,0,46.0
157144,MX,0,0,0,D+,46.0
156451,MX,45-50,0,0,0,46.0
157411,BR,35-44,Male,0,0,46.0
155916,BR,0,0,0,C1,46.0
157127,BR,0,0,Nordeste,0,46.0
157091,PA,55-64,0,0,0,46.0
156860,BR,18-24,0,0,0,46.0
155984,CL,0,0,0,0,46.0
156968,CL,0,Female,0,0,46.0
156423,PA,25-34,Male,0,0,46.0
157021,CO,0,0,0,0,46.0
156451,MX,35-44,0,0,0,46.0
156852,PA,40-99,Female,0,0,45.0
157008,MX,55-99,0,0,0,45.0
155900,MX,0,0,0,C+,45.0
156667,BR,0,0,0,0,45.0
157032,CL,0,0,0,C1a,45.0
155984,CL,0,0,0,0,45.0
157245,AR,0,Female,0,0,45.0
156554,BR,18-33,0,0,0,45.0
156937,BR,25-34,0,0,0,45.0
157427,CL,0,0,0,0,45.0
157427,CL,45-54,0,0,0,45.0
156974,CR,0,Male,0,0,45.0
157210,MX,18-24,0,0,0,45.0
157008,MX,0,Male,0,0,45.0
156127,CL,25-34,Male,0,0,44.0
155984,CL,0,0,0,0,44.0
156630,MX,0,0,Northwest,0,44.0
155984,CL,0,0,0,0,44.0
156472,MX,0,0,0,C,44.0
157032,CL,0,0,0,C2,44.0
156154,GT,0,Male,0,0,44.0
156451,MX,35-44,0,0,0,44.0
156451,MX,35-44,0,0,0,44.0
157325,MX,0,0,0,0,44.0
156127,CL,15-19,Male,0,0,44.0
156472,MX,0,0,0,C,44.0
157431,BR,45-54,Male,0,0,44.0
156127,CL,15-19,Female,0,0,44.0
157213,GT,0,0,Region II- Norte,0,43.0
156974,CR,0,Female,0,0,43.0
157032,CL,0,0,0,C1b,43.0
157272,EC,0,Male,0,0,43.0
157411,BR,45-54,Male,0,0,43.0
157042,BR,18-24,0,0,A,43.0
157032,CL,0,0,0,C3,43.0
156811,BR,25-99,Female,Centro-Oeste,0,43.0
156667,BR,0,0,0,0,43.0
157230,MX,0,0,0,0,43.0
156083,CO,0,0,0,Estrato 5,43.0
156667,BR,0,0,0,0,43.0
156127,CL,35-44,Male,0,0,43.0
156799,HN,0,Male,0,0,43.0
156816,CL,0,0,0,AB,43.0
155916,BR,55-99,0,0,0,43.0
155916,BR,0,0,0,C2,43.0
156684,MX,45-55,0,0,0,42.0
156451,MX,25-34,0,0,0,42.0
157008,MX,0,Female,0,0,42.0
156286,MX,0,0,0,0,42.0
156866,CL,0,0,0,0,42.0
156866,CL,0,0,0,C1b,42.0
156083,CO,0,0,0,Estrato 2,42.0
156413,AR,36-56,0,0,0,42.0
156110,BR,0,0,Centro-Oeste,0,42.0
156800,SV,35-44,0,0,0,42.0
157193,CO,0,0,0,Estrato 6,42.0
155916,BR,35-44,0,0,0,41.0
156127,CL,20-24,Male,0,0,41.0
156145,CO,25-34,0,0,Estrato 6,41.0
155984,CL,0,0,0,0,41.0
155903,MX,0,0,0,C-,41.0
157042,BR,18-24,0,0,B1,41.0
156014,PE,18-24,Male,0,0,41.0
157230,MX,0,0,0,0,41.0
155916,BR,25-34,0,0,0,41.0
155916,BR,18-24,0,0,0,41.0
155984,CL,0,0,0,0,41.0
156667,BR,0,0,0,0,41.0
156799,GT,0,Male,0,0,41.0
156472,MX,0,0,0,C-,40.0
156127,CL,45-55,Male,0,0,40.0
156006,HN,45-60,Male,0,0,40.0
156335,PA,0,0,0,0,40.0
157472,AR,45-54,0,Cuyo,0,40.0
157021,CO,0,0,0,0,40.0
157472,AR,45-54,0,Patagonia,0,40.0
157472,AR,45-54,0,Noreste,0,40.0
157144,BR,0,Male,0,C2,40.0
157471,AR,0,Female,0,0,40.0
157471,AR,0,0,0,D2E,40.0
157471,AR,0,0,0,D2E,40.0
157414,EC,18-24,0,0,0,40.0
157471,AR,45-54,0,0,0,40.0
157471,AR,35-44,0,0,0,40.0
156145,CO,35-44,0,0,Estrato 6,40.0
157472,AR,0,0,Patagonia,D2E,40.0
157471,AR,45-54,0,0,0,40.0
157471,AR,45-54,0,0,0,40.0
157473,AR,0,0,0,D1,40.0
157021,CO,0,0,0,0,40.0
157473,AR,55-65,0,0,0,40.0
157431,BR,35-44,Male,0,0,40.0
157473,AR,55-65,0,0,0,40.0
156669,BR,0,Female,Sul,0,40.0
157431,BR,45-54,Female,0,0,40.0
157473,AR,25-34,0,0,0,40.0
157473,AR,25-34,0,0,0,40.0
156669,BR,0,Male,Nordeste,0,40.0
157473,AR,0,0,0,D2E,40.0
157481,GT,0,0,0,0,40.0
157471,AR,55-65,0,0,0,39.0
157471,AR,55-65,0,0,0,39.0
157471,AR,55-65,0,0,0,39.0
157473,AR,0,0,0,D1,39.0
156667,BR,0,0,0,0,39.0
157471,AR,0,0,0,D1,39.0
157472,AR,0,0,Noroeste,D2E,39.0
157473,AR,0,0,0,D2E,39.0
157471,AR,0,0,0,D2E,39.0
157472,AR,25-34,0,Cuyo,0,39.0
157472,AR,0,0,Noroeste,D1,39.0
157473,AR,0,0,0,D1,39.0
157472,AR,55-65,0,Noreste,0,39.0
155984,CL,0,0,0,0,39.0
157472,AR,0,Male,Patagonia,0,39.0
157473,AR,0,0,0,D2E,39.0
156846,CL,18-29,0,0,0,39.0
157500,MX,0,0,0,0,39.0
157471,AR,35-44,0,0,0,39.0
155984,CL,0,0,0,0,39.0
155903,MX,35-44,0,0,0,39.0
157021,CO,0,0,0,0,39.0
157144,MX,50-65,Male,0,0,39.0
156579,DO,0,Male,Metropolitana,0,39.0
156145,CO,18-24,0,0,Estrato 3,39.0
156334,PA,40-99,0,0,0,39.0
157472,AR,0,Female,Patagonia,0,38.0
157472,AR,0,0,Noroeste,C2,38.0
156451,MX,45-50,0,0,0,38.0
156427,BR,18-24,0,0,0,38.0
157473,AR,0,Female,0,0,38.0
156669,BR,0,Male,Sul,0,38.0
156083,CO,0,0,0,Estrato 5,38.0
156335,PA,0,0,0,0,38.0
156472,MX,0,0,0,C+,38.0
156335,PA,0,0,0,0,38.0
156735,MX,0,Male,0,0,38.0
157472,AR,35-44,0,Patagonia,0,38.0
156472,MX,0,0,0,A/B,38.0
157471,AR,0,Female,0,0,38.0
156968,CL,56-65,0,0,C1b,37.0
156083,CO,0,0,0,Estrato 5,37.0
156937,BR,0,0,0,0,37.0
157473,AR,0,0,0,D1,37.0
155984,CL,0,0,0,0,37.0
157471,AR,0,0,0,D1,37.0
157082,GT,44-55,0,0,0,37.0
157473,AR,55-65,0,0,0,37.0
157193,CO,0,0,0,Estrato 5,37.0
156516,MX,17-24,0,0,0,37.0
156968,CL,56-65,0,0,C1a,37.0
155968,CO,0,0,0,Estrato 2,37.0
156968,CL,56-65,0,0,C2,37.0
156818,CL,45-54,0,0,0,36.0
155984,CL,0,0,0,0,36.0
157472,AR,0,Female,Cuyo,0,36.0
155916,BR,0,0,0,B2,36.0
156083,CO,0,0,0,Estrato 3,36.0
155984,CL,0,0,0,0,36.0
157235,AR,0,Male,0,0,36.0
156286,MX,35-44,Female,0,0,36.0
156663,MX,45-50,0,0,0,36.0
157429,CL,18-28,0,0,0,36.0
157472,AR,0,0,Noroeste,C3,36.0
156520,MX,18-24,Male,0,0,36.0
157144,MX,50-65,Female,0,0,36.0
157057,BR,65-99,0,0,0,36.0
156645,MX,45-54,0,0,0,36.0
157472,AR,55-65,0,Noroeste,0,36.0
156665,CL,0,0,0,0,36.0
155809,GT,0,0,0,0,35.0
155968,CO,0,0,0,0,35.0
157071,BR,0,0,0,B2,35.0
157071,BR,0,0,0,B1,35.0
156062,EC,45-54,Male,0,0,35.0
157429,CL,56-65,0,0,0,35.0
157071,BR,0,0,0,B1,35.0
157431,BR,35-44,Female,0,0,35.0
157472,AR,0,Male,Noroeste,0,35.0
156818,CL,55-99,0,0,0,35.0
156818,CL,35-44,0,0,0,35.0
157021,CO,0,0,0,0,35.0
157071,BR,0,0,0,B2,35.0
155169,AR,0,Male,0,0,35.0
156145,CO,25-34,0,0,Estrato 5,35.0
156645,MX,45-54,0,0,0,35.0
157245,AR,18-35,0,0,0,35.0
157230,MX,0,0,0,0,35.0
156811,BR,18-24,Female,Sudeste,0,35.0
157210,MX,45-99,0,0,0,35.0
156145,CO,35-44,0,0,Estrato 5,35.0
156978,BR,0,0,Sul,0,34.0
157144,AR,0,Male,0,C2,34.0
156866,CL,31-45,0,0,0,34.0
157282,PR,0,Female,0,0,34.0
156630,PE,0,0,0,C1,34.0
156947,CL,0,0,0,0,34.0
156972,GT,0,Male,0,0,34.0
157354,BR,0,0,0,0,34.0
156684,MX,45-55,0,0,0,34.0
156947,CL,0,0,0,0,34.0
156818,CL,18-24,0,0,0,34.0
156816,CL,0,0,0,C1a,34.0
157500,MX,0,0,0,0,34.0
156816,CL,55-99,Female,0,0,34.0
156286,MX,0,0,0,0,34.0
156286,MX,0,0,0,0,34.0
156286,MX,0,0,0,0,34.0
156286,MX,0,0,0,0,34.0
157500,MX,0,0,0,0,34.0
155984,CL,0,0,0,0,34.0
155984,CL,0,0,0,0,34.0
156972,GT,18-33,0,0,0,33.0
157352,BR,0,0,0,0,33.0
156601,CL,0,Male,0,0,33.0
156472,MX,0,0,0,A/B,33.0
156573,DO,0,Male,Metropolitana,0,33.0
156286,MX,0,0,0,0,33.0
157473,AR,0,Female,0,0,33.0
156601,CL,0,0,0,E,33.0
156335,PA,0,0,0,0,33.0
156423,PA,45-54,Male,0,0,33.0
157472,AR,0,Female,Noroeste,0,33.0
156978,BR,0,0,Nordeste,0,33.0
156335,PA,0,0,0,0,33.0
154293,CL,45-54,0,0,0,33.0
157057,BR,65-99,0,0,0,33.0
157359,MX,0,Male,0,0,32.0
157210,MX,35-44,0,0,0,32.0
156989,CL,0,0,0,C3,32.0
155843,CO,0,Male,0,0,32.0
156653,AR,50-64,Female,0,0,32.0
155968,CO,0,0,0,0,32.0
156653,AR,25-34,Male,0,0,32.0
157489,BR,0,Male,0,0,32.0
157472,AR,0,Female,Noreste,0,32.0
156978,BR,0,0,Centro-Oeste,0,32.0
155903,MX,25-34,0,0,0,32.0
156210,PE,0,0,0,D,32.0
156210,PE,0,0,0,C2,32.0
156958,CL,0,0,0,C2,32.0
157427,CL,0,Female,0,0,32.0
156937,BR,0,0,0,0,32.0
157272,EC,0,Female,0,0,32.0
155985,CR,0,0,0,0,32.0
157098,PE,0,Female,0,0,31.0
156423,PA,35-44,Male,0,0,31.0
157008,MX,0,Female,0,0,31.0
156937,BR,0,0,0,0,31.0
156818,CL,25-34,0,0,0,31.0
156850,BR,0,0,0,0,31.0
156735,MX,16-27,0,0,0,31.0
157098,PE,0,0,0,A1,31.0
156735,MX,45-60,0,0,0,31.0
156083,CO,0,0,0,Estrato 4,31.0
156989,CL,25-34,0,0,0,31.0
156866,CL,0,0,0,0,31.0
156951,MX,0,0,0,E,30.0
155984,CL,0,0,0,0,30.0
155059,HN,0,Male,0,0,30.0
157021,CO,0,0,0,0,30.0
157230,MX,0,Female,0,D,30.0
157352,BR,0,0,0,0,30.0
157144,MX,0,0,0,D,30.0
157057,BR,65-99,0,0,0,30.0
157230,MX,0,Male,0,E,30.0
157021,CO,0,0,0,0,30.0
156816,CL,0,0,0,C1b,30.0
157021,CO,0,0,0,0,30.0
157021,CO,0,0,0,0,30.0
156937,BR,0,0,0,0,30.0
156286,MX,0,0,0,0,30.0
156951,MX,0,0,0,E,30.0
157021,CO,0,0,0,0,30.0
157481,GT,0,0,0,0,30.0
157042,BR,18-24,0,0,B2,30.0
157217,GT,18-24,0,0,0,30.0
156630,CL,35-44,0,0,0,30.0
157431,BR,55-99,Male,0,0,30.0
156800,HN,0,Male,0,0,30.0
155876,GT,0,Male,0,0,30.0
157021,CO,0,0,0,0,30.0
156286,MX,0,0,0,0,30.0
156951,MX,0,0,0,D,30.0
156951,MX,0,0,0,E,30.0
156515,MX,17-24,0,0,0,29.0
157230,MX,0,Female,0,D+,29.0
157431,BR,55-99,Female,0,0,29.0
157431,BR,18-24,Male,0,0,29.0
157230,MX,0,Male,0,D,29.0
156937,BR,0,0,0,0,29.0
157230,MX,0,Male,0,D+,29.0
157217,GT,45-54,0,0,0,29.0
156852,PA,40-99,Male,0,0,29.0
157481,GT,0,0,0,0,29.0
157021,CO,0,0,0,0,29.0
157021,CO,0,0,0,0,29.0
156863,MX,18-65,0,0,0,29.0
157021,CO,0,0,0,0,29.0
157213,GT,0,0,Region VII- Noroccidental,0,29.0
156863,MX,0,0,0,0,29.0
156951,MX,0,0,0,D+,29.0
156951,MX,0,0,0,D,29.0
155903,MX,0,0,0,0,28.0
156989,CL,0,0,0,D,28.0
155062,SV,0,Male,0,0,28.0
156951,MX,0,0,0,D,28.0
157217,GT,55-65,0,0,0,28.0
156800,HN,50-65,0,0,0,28.0
157230,MX,0,Male,0,C-,28.0
157210,MX,0,0,West,0,28.0
156366,PA,0,0,Other,0,28.0
156434,BR,0,0,0,0,28.0
156286,MX,0,0,0,0,28.0
156799,GT,56-65,0,0,0,28.0
156811,BR,25-99,Male,Sudeste,0,28.0
156145,CO,18-24,0,0,Estrato 2,28.0
157500,MX,0,0,0,0,28.0
155916,BR,0,0,0,0,28.0
157098,PE,0,0,0,0,28.0
157003,CO,56-65,0,0,0,28.0
156960,BR,0,Female,0,0,28.0
155984,CL,0,0,0,0,28.0
155518,CO,0,0,0,Estrato 3,28.0
156258,CR,25-40,Male,0,0,28.0
157127,BR,35-44,0,0,0,28.0
156800,HN,40-49,0,0,0,27.0
155985,CR,35-44,Female,0,0,27.0
156110,BR,0,0,Sul,0,27.0
157098,PE,0,0,0,0,27.0
157322,CO,0,Female,0,0,27.0
157227,CL,56-65,0,0,D,27.0
156286,MX,0,0,0,0,27.0
156286,MX,0,0,0,0,27.0
157227,CL,45-55,0,0,D,27.0
157354,BR,0,0,0,0,27.0
155061,GT,0,Female,0,0,27.0
155061,GT,0,Male,0,0,27.0
156850,BR,0,0,0,0,27.0
157462,BR,65-75,0,0,0,27.0
157462,BR,45-54,0,0,0,27.0
157226,CL,56-65,0,0,D,27.0
157003,CO,56-65,0,0,0,27.0
156006,HN,35-44,Male,0,0,26.0
156951,MX,25-34,0,0,0,26.0
157217,GT,25-34,0,0,0,26.0
157230,MX,0,Female,0,C-,26.0
157098,PE,0,0,0,0,26.0
156052,EC,0,0,0,C+,26.0
157217,GT,35-44,0,0,0,26.0
156062,EC,45-54,Female,0,0,26.0
157210,MX,25-34,0,0,0,26.0
157353,BR,0,0,0,0,26.0
156972,CR,34-65,0,0,0,26.0
157098,PE,0,0,0,A2,26.0
157354,BR,0,0,0,0,26.0
157193,CO,0,0,0,Estrato 4,26.0
156951,MX,0,0,0,D,26.0
157258,PA,55-99,Female,0,0,26.0
157427,CL,0,0,0,C1b,26.0
157427,CL,0,0,0,C1a,26.0
156472,MX,0,0,0,C+,26.0
157427,CL,25-34,0,0,0,26.0
157003,CO,18-25,0,0,0,26.0
156972,CR,0,Male,0,0,25.0
155916,BR,0,0,0,0,25.0
157210,MX,0,0,Northeast,0,25.0
156746,BR,45-54,0,0,0,25.0
157462,BR,25-34,0,0,0,25.0
157462,BR,35-44,0,0,0,25.0
157021,CO,0,0,0,0,25.0
157230,MX,0,Male,0,C,25.0
156684,MX,0,0,0,A/B,25.0
155916,BR,0,0,0,0,25.0
157193,CO,0,0,0,Estrato 3,25.0
157119,EC,0,0,0,0,25.0
157245,AR,56-99,0,0,0,25.0
154293,CL,35-44,0,0,0,25.0
157098,PE,0,0,0,0,25.0
156968,CL,0,Male,0,0,25.0
157486,CR,68-79,0,0,0,25.0
156989,CL,35-45,0,0,0,25.0
157486,CR,59-67,0,0,0,25.0
155984,CL,0,0,0,0,25.0
155985,CR,35-44,Male,0,0,25.0
156630,CL,25-34,0,0,0,24.0
157098,PE,0,0,0,0,24.0
157057,BR,18-24,0,0,0,24.0
157245,AR,0,0,0,D2E,24.0
157258,PA,55-99,Male,0,0,24.0
156006,HN,25-34,Male,0,0,24.0
155903,MX,0,0,0,D,24.0
157098,PE,0,0,0,0,24.0
156951,MX,0,0,0,E,24.0
156515,MX,0,Male,0,0,24.0
156248,BR,0,0,0,0,24.0
157089,MX,18-35,0,0,0,24.0
157500,MX,0,0,0,0,24.0
157008,MX,25-34,0,0,0,24.0
156937,BR,0,0,0,0,23.0
157226,CL,45-55,0,0,D,23.0
155518,CO,0,0,0,Estrato 2,23.0
155916,BR,0,0,0,0,23.0
157353,BR,0,0,0,0,23.0
156972,GT,34-65,0,0,0,23.0
156411,MX,35-44,Male,0,0,23.0
156746,BR,0,0,Nordeste,0,23.0
155903,MX,0,0,0,0,23.0
155985,CR,0,0,0,0,23.0
157127,BR,0,0,Sul,0,23.0
157127,BR,0,0,Norte,0,23.0
157462,BR,0,Male,0,0,22.0
157225,VE,18-24,Male,0,0,22.0
156746,BR,0,0,Sul,0,22.0
155982,CR,0,0,0,0,22.0
155916,BR,0,0,0,0,22.0
156411,CL,45-54,Female,0,0,22.0
157098,PE,0,0,0,0,22.0
156517,MX,0,Female,0,0,22.0
157352,BR,0,0,0,0,22.0
156972,GT,0,Female,0,0,22.0
157234,AR,0,0,0,D2E,22.0
157272,EC,55-99,0,Amazonica,0,22.0
157098,PE,0,0,0,0,22.0
156937,BR,0,0,0,0,22.0
155842,CO,0,Male,0,0,22.0
156517,MX,17-24,0,0,0,22.0
155916,BR,0,0,0,0,22.0
156645,MX,45-54,0,0,0,21.0
157003,CO,18-25,0,0,0,21.0
157245,AR,46-55,0,0,0,21.0
157276,CO,0,0,0,Estrato 4,21.0
157431,BR,25-34,Male,0,0,21.0
157272,EC,55-99,0,Costa/Cost,0,21.0
156517,MX,0,Male,0,0,21.0
156645,MX,45-54,0,0,0,21.0
156354,CO,0,Male,Amazonica,0,21.0
155985,CR,45-65,Female,0,0,21.0
157225,VE,25-34,Male,0,0,21.0
157042,BR,45-59,0,0,A,21.0
156411,AR,45-54,Female,0,0,21.0
155955,CL,25-34,0,0,0,21.0
156154,GT,40-99,0,0,0,21.0
155062,SV,0,Female,0,0,21.0
156110,BR,0,0,0,0,21.0
157219,GT,0,0,0,0,20.0
155985,CR,0,0,0,0,20.0
157243,AR,55-65,0,0,0,20.0
156083,CO,0,0,0,Estrato 4,20.0
157245,AR,0,0,0,C2,20.0
157098,PE,0,0,0,0,20.0
157241,AR,0,Female,Cuyo,0,20.0
157471,AR,25-34,0,0,0,20.0
157119,EC,0,0,0,0,20.0
157219,GT,0,0,0,0,20.0
156516,MX,0,Male,0,0,20.0
157471,AR,0,0,0,C3,20.0
157471,AR,0,0,0,D1,20.0
157219,GT,0,0,0,0,20.0
157472,AR,0,0,Noreste,ABC1,20.0
155916,BR,0,0,0,0,20.0
156517,MX,45-99,0,0,0,20.0
157473,AR,0,0,0,ABC1,20.0
156354,CO,0,Male,Orinoquia,0,20.0
156846,CL,0,0,0,0,20.0
157473,AR,55-65,0,0,0,20.0
157473,AR,55-65,0,0,0,20.0
157219,GT,0,0,0,0,20.0
157210,MX,0,0,East,0,20.0
156846,CL,0,0,0,0,20.0
157471,AR,0,0,0,C2,20.0
156846,CL,0,0,0,0,20.0
157219,GT,0,0,0,0,20.0
157219,GT,0,0,0,0,20.0
157471,AR,0,0,0,C2,20.0
157219,GT,0,0,0,0,20.0
157219,GT,0,0,0,0,20.0
157219,GT,0,0,0,0,20.0
156411,CL,55-65,Female,0,0,20.0
157471,AR,0,0,0,ABC1,20.0
157471,AR,0,0,0,C2,20.0
155059,HN,0,Female,0,0,20.0
156411,CL,18-24,Female,0,0,19.0
157243,AR,55-65,0,0,0,19.0
157098,PE,0,0,0,0,19.0
157473,AR,0,0,0,D1,19.0
157243,AR,55-65,0,0,0,19.0
157473,AR,0,0,0,D2E,19.0
156411,CL,35-44,Male,0,0,19.0
157473,AR,0,0,0,C2,19.0
156866,CL,0,0,0,0,19.0
156434,BR,0,0,0,0,19.0
157098,PE,0,0,0,B2,19.0
157098,PE,0,0,0,B1,19.0
156800,SV,0,Male,0,0,19.0
156354,CO,0,Female,Amazonica,0,19.0
156516,MX,0,Female,0,0,19.0
156411,CL,35-44,Female,0,0,19.0
157427,CL,0,0,0,0,19.0
157272,EC,55-99,0,Sierra,0,19.0
157500,MX,0,0,0,0,19.0
156110,BR,25-34,0,0,0,19.0
156411,CO,35-44,Female,0,0,19.0
156968,CL,36-45,0,0,AB,19.0
156968,CL,25-35,0,0,AB,19.0
157144,MX,0,0,0,C,19.0
157473,AR,35-44,0,0,0,19.0
157225,VE,18-24,Female,0,0,19.0
157240,AR,0,0,0,D2E,19.0
157471,AR,0,0,0,ABC1,19.0
157240,AR,0,Female,0,0,19.0
157058,BR,0,Male,0,D-E,19.0
157219,GT,0,0,0,0,19.0
157471,AR,0,0,0,ABC1,19.0
157472,AR,25-34,0,Patagonia,0,19.0
157472,AR,0,0,Cuyo,C3,19.0
157472,AR,0,0,Noreste,D2E,19.0
157472,AR,0,0,Patagonia,D1,19.0
157243,AR,55-65,0,0,0,19.0
157473,AR,25-34,0,0,0,19.0
156846,CL,0,0,0,0,19.0
157473,AR,25-34,0,0,0,19.0
157473,AR,35-44,0,0,0,19.0
157473,AR,35-44,0,0,0,19.0
157473,AR,35-44,0,0,0,18.0
157473,AR,0,0,0,D2E,18.0
157471,AR,25-34,0,0,0,18.0
156411,AR,55-65,Female,0,0,18.0
157471,AR,25-34,0,0,0,18.0
157219,GT,0,0,0,0,18.0
157471,AR,0,0,0,C3,18.0
155984,CL,0,0,0,C1a,18.0
155798,BR,0,0,Nordeste,0,18.0
157057,BR,25-34,0,0,0,18.0
156520,MX,18-24,Female,0,0,18.0
156866,CL,0,0,0,0,18.0
157235,AR,0,0,0,D2E,18.0
157225,VE,45-55,Male,0,0,18.0
157500,MX,0,0,0,0,18.0
155903,MX,0,0,0,0,18.0
155842,CO,0,Female,0,0,18.0
157245,AR,0,0,0,C3,18.0
157473,AR,35-44,0,0,0,18.0
157276,EC,0,0,0,C-,18.0
157472,AR,0,0,Noreste,D1,18.0
157008,MX,0,Female,0,0,18.0
157472,AR,0,0,Patagonia,C3,18.0
157472,AR,0,0,Noreste,C3,18.0
156154,GT,18-24,0,0,0,18.0
156951,MX,0,0,0,D,18.0
157240,AR,0,Male,0,0,18.0
156665,CL,0,0,0,C1b,18.0
156951,MX,0,0,0,E,18.0
156846,CL,0,0,0,0,18.0
156951,MX,0,0,0,D+,18.0
156799,GT,18-25,0,0,0,17.0
157427,CL,0,0,0,0,17.0
157245,AR,0,0,0,ABC1,17.0
157245,AR,0,0,0,D1,17.0
156515,MX,45-99,0,0,0,17.0
156110,BR,0,0,Nordeste,0,17.0
155514,CO,0,0,0,Estrato 3,17.0
157471,AR,0,0,0,C3,17.0
156006,HN,45-60,Female,0,0,17.0
157472,AR,25-34,0,Noreste,0,17.0
157472,AR,25-34,0,Noroeste,0,17.0
157414,EC,46-65,0,0,0,17.0
156520,MX,45-65,Male,0,0,17.0
156816,CL,0,0,0,C2,17.0
156669,BR,0,Female,Nordeste,0,17.0
156052,EC,46-65,0,0,0,17.0
156411,MX,18-24,Female,0,0,17.0
155982,CR,0,0,0,0,17.0
156110,BR,45-54,0,0,0,17.0
157225,VE,45-55,Female,0,0,17.0
157241,AR,0,Male,Cuyo,0,17.0
156951,MX,0,0,0,C-,17.0
157241,AR,0,Male,Patagonia,0,17.0
156043,UY,0,0,0,A+,17.0
156951,MX,0,0,0,E,17.0
157127,BR,25-34,0,0,0,17.0
155903,MX,0,0,0,0,17.0
156951,MX,0,0,0,D+,17.0
156866,CL,0,0,0,0,17.0
156951,MX,0,0,0,D+,17.0
157473,AR,0,0,0,C3,17.0
157243,AR,55-65,0,0,0,17.0
156665,CL,51-99,Male,0,0,17.0
157003,CO,36-45,0,0,0,17.0
157473,AR,25-34,0,0,0,17.0
157210,MX,0,0,Southwest,0,17.0
156846,CL,0,0,0,0,17.0
154293,CL,0,Female,0,0,17.0
156846,CL,0,0,0,0,17.0
157472,AR,0,0,Noreste,C2,17.0
156411,AR,45-54,Male,0,0,16.0
156769,EC,0,0,0,D,16.0
157225,VE,25-34,Female,0,0,16.0
156846,CL,0,0,0,0,16.0
157008,MX,45-54,0,0,0,16.0
157219,GT,0,0,0,0,16.0
157219,GT,0,0,0,0,16.0
156951,MX,0,0,0,C-,16.0
157219,GT,0,0,0,0,16.0
157219,GT,0,0,0,0,16.0
157219,GT,0,0,0,0,16.0
156769,EC,0,0,0,0,16.0
157219,GT,0,0,0,0,16.0
157219,GT,0,0,0,0,16.0
157219,GT,0,0,0,0,16.0
155982,CR,25-34,Female,0,0,16.0
157003,CO,56-65,0,0,0,16.0
156411,MX,55-65,Female,0,0,16.0
157210,MX,0,0,North-Central,0,16.0
155021,CL,0,0,0,C3,16.0
157333,DO,0,0,Cibao Norte,0,16.0
154293,CL,18-24,0,0,0,16.0
156411,AR,55-65,Male,0,0,16.0
156846,CL,0,0,0,0,16.0
157472,AR,35-44,0,Noreste,0,16.0
157354,BR,0,0,0,0,16.0
157472,AR,0,0,Cuyo,D1,16.0
157472,AR,0,0,Noroeste,ABC1,16.0
157472,AR,35-44,0,Cuyo,0,16.0
156968,CL,0,Male,0,0,16.0
157471,AR,35-44,0,0,0,16.0
157219,GT,0,0,0,0,16.0
156472,MX,0,0,0,E,15.0
155982,CR,35-44,Female,0,0,15.0
156472,MX,0,0,0,E,15.0
155876,GT,0,0,0,0,15.0
155903,MX,0,0,0,0,15.0
155876,GT,0,0,0,0,15.0
155876,GT,0,0,0,0,15.0
156411,MX,45-54,Female,0,0,15.0
157225,VE,35-44,Male,0,0,15.0
156951,MX,0,0,0,D+,15.0
157230,MX,0,Female,0,E,15.0
157213,GT,0,0,Region IV- Suroriental,0,15.0
156472,MX,0,0,0,E,15.0
156472,MX,0,0,0,E,15.0
157057,BR,25-34,0,0,0,15.0
156110,BR,0,0,0,0,15.0
156951,MX,0,0,0,C-,15.0
156145,CO,25-34,0,0,Estrato 4,15.0
155985,CR,45-65,Male,0,0,15.0
156846,CL,0,0,0,0,15.0
157213,GT,0,0,Region VIII- Pet,0,15.0
156411,CL,55-65,Male,0,0,15.0
156866,CL,0,0,0,0,15.0
156411,CO,18-24,Female,0,0,15.0
157245,AR,36-45,0,0,0,15.0
157472,AR,35-44,0,Noroeste,0,15.0
155514,CO,0,0,0,Estrato 2,15.0
157489,BR,0,0,Centro-Oeste,0,15.0
157219,GT,0,0,0,0,15.0
157486,CR,48-58,0,0,0,15.0
157003,CO,36-45,0,0,0,15.0
155168,AR,0,0,0,D2E,15.0
156665,CL,51-99,Female,0,0,15.0
156354,CO,0,Female,Orinoquia,0,15.0
156816,CL,18-24,Male,0,0,15.0
157353,BR,0,0,0,0,15.0
156411,CO,55-65,Female,0,0,15.0
157071,BR,0,0,0,A,15.0
157276,CO,0,0,0,Estrato 5,14.0
156052,EC,0,0,0,0,14.0
156951,MX,0,0,0,C-,14.0
156110,BR,0,0,0,0,14.0
157500,MX,0,0,0,0,14.0
157210,MX,0,0,Southeast,0,14.0
157241,AR,0,Female,Noreste,0,14.0
157213,GT,0,0,Region III- Nororiental,0,14.0
156110,BR,0,0,0,0,14.0
157500,MX,0,0,0,0,14.0
157240,AR,0,Female,0,0,14.0
156411,CO,35-44,Male,0,0,14.0
157427,CL,0,0,0,C3,14.0
157057,BR,35-44,0,0,0,14.0
157500,MX,0,0,0,0,14.0
156515,MX,0,Female,0,0,14.0
156769,EC,0,0,0,C-,14.0
156110,BR,18-24,0,0,0,14.0
155876,GT,0,0,0,0,14.0
157486,CR,18-28,0,0,0,14.0
157377,MX,0,Male,0,0,14.0
156411,CO,55-65,Male,0,0,14.0
156669,BR,0,Female,Centro-Oeste,0,14.0
156846,CL,0,0,0,0,14.0
157234,AR,0,0,0,D1,14.0
157500,MX,0,0,0,0,14.0
156866,CL,0,0,0,0,13.0
156951,MX,0,0,0,D+,13.0
157057,BR,55-64,0,0,0,13.0
156423,PA,25-34,Female,0,0,13.0
156850,BR,0,0,0,0,13.0
157230,MX,36-45,0,0,0,13.0
157003,CO,26-35,0,0,0,13.0
157210,MX,0,0,Northwest,0,13.0
157240,AR,0,Male,0,0,13.0
156684,MX,25-34,0,0,0,13.0
157491,GT,55-57,0,0,0,13.0
155982,CR,35-44,Male,0,0,13.0
155984,CL,0,0,0,C1b,13.0
157500,MX,0,0,0,0,13.0
157354,BR,0,0,0,0,13.0
155876,GT,0,0,0,0,13.0
156411,MX,18-24,Male,0,0,13.0
157213,GT,0,0,Region V- Central,0,13.0
156047,CR,0,0,0,0,13.0
157098,PE,0,0,0,0,13.0
157500,MX,0,0,0,0,13.0
156411,AR,35-44,Female,0,0,13.0
156411,CL,45-54,Male,0,0,13.0
155876,GT,0,0,0,0,12.0
156411,MX,25-34,Female,0,0,12.0
156951,MX,0,0,0,D,12.0
156816,CL,0,Female,0,0,12.0
156652,MX,0,Male,0,E,12.0
156968,CL,36-45,0,0,C1a,12.0
157127,BR,0,Female,0,0,12.0
156951,MX,0,0,0,C-,12.0
157213,GT,0,0,Region VI- Suroccidental,0,12.0
156846,CL,0,0,0,0,12.0
157500,MX,0,0,0,0,12.0
156411,CL,18-24,Male,0,0,11.0
156684,MX,35-44,0,0,0,11.0
157377,MX,0,0,0,0,11.0
156411,AR,18-24,Male,0,0,11.0
156968,CL,56-65,0,0,C3,11.0
157234,AR,0,0,0,C2,11.0
155982,CR,45-65,Male,0,0,11.0
157058,BR,0,Female,0,D-E,11.0
156866,CL,0,0,0,0,11.0
155168,AR,0,0,0,D1,11.0
156423,PA,0,0,0,0,11.0
157235,AR,0,0,0,D1,11.0
157462,BR,0,Male,0,0,11.0
157240,AR,0,Male,0,0,11.0
157276,CO,0,0,0,Estrato 6,11.0
156516,MX,45-99,0,0,0,11.0
156411,CL,25-34,Female,0,0,11.0
156665,CL,0,0,0,C1a,11.0
156816,CL,0,Female,0,0,11.0
157462,BR,0,Male,0,0,11.0
157272,EC,45-54,0,Amazonica,0,11.0
157272,EC,35-44,0,Amazonica,0,11.0
157144,AR,0,Male,0,D1,11.0
157225,VE,35-44,Female,0,0,11.0
157272,EC,18-24,0,Amazonica,0,11.0
156951,MX,0,0,0,C,11.0
157021,CO,0,0,0,0,10.0
157500,MX,0,0,0,0,10.0
157240,AR,0,0,0,D2E,10.0
157500,MX,0,0,0,0,10.0
157243,AR,0,0,0,D1,10.0
157462,BR,0,Female,0,0,10.0
157241,AR,0,Female,Patagonia,0,10.0
157462,BR,0,Female,0,0,10.0
157462,BR,0,Female,0,0,10.0
157489,BR,0,0,Norte,0,10.0
157500,MX,0,0,0,0,10.0
157462,BR,0,Female,0,0,10.0
155514,CO,35-44,Female,0,0,10.0
157144,BR,0,Male,0,C1,10.0
157243,AR,0,0,0,D2E,10.0
157243,AR,0,0,0,D2E,10.0
157243,AR,0,0,0,D2E,10.0
155229,MX,0,0,0,0,10.0
156411,AR,25-34,Female,0,0,10.0
157021,CO,0,0,0,0,10.0
156110,BR,0,0,0,0,10.0
157272,EC,25-34,0,Amazonica,0,10.0
157021,CO,0,0,0,0,10.0
157240,AR,35-44,0,0,0,10.0
157071,BR,0,0,0,A,10.0
157240,AR,45-54,0,0,0,10.0
157240,AR,55-65,0,0,0,10.0
157021,CO,0,0,0,0,10.0
157243,AR,0,0,0,D2E,10.0
157219,GT,0,0,0,0,10.0
157021,CO,0,0,0,0,10.0
157489,BR,18-24,0,0,0,10.0
157486,CR,29-37,0,0,0,10.0
157500,MX,0,0,0,0,10.0
157486,CR,38-47,0,0,0,10.0
156816,CL,0,Female,0,0,10.0
157500,MX,0,0,0,0,10.0
157243,AR,0,Female,0,0,10.0
157500,MX,0,0,0,0,10.0
155982,CR,0,0,0,0,10.0
157241,AR,55-65,0,Noroeste,0,10.0
157241,AR,55-65,0,Patagonia,0,10.0
157241,AR,0,0,Patagonia,D2E,10.0
157234,AR,0,0,0,C3,10.0
157241,AR,0,0,Patagonia,D1,10.0
157243,AR,0,Female,0,0,10.0
155876,GT,0,0,0,0,10.0
156411,MX,55-65,Male,0,0,10.0
157243,AR,0,Female,0,0,10.0
157243,AR,0,Male,0,0,10.0
156334,PA,40-99,0,0,0,10.0
156846,CL,0,0,0,0,10.0
157230,MX,0,Male,0,A/B,10.0
157234,AR,55-65,0,Noreste,0,10.0
156972,CR,0,Female,0,0,10.0
156434,BR,50-99,0,0,D-E,10.0
157234,AR,55-65,0,Noroeste,0,9.0
155876,GT,0,0,0,0,9.0
156974,CR,0,0,Cartago,0,9.0
157240,AR,55-65,0,0,0,9.0
156974,CR,0,0,Alajuela,0,9.0
157234,AR,55-65,0,Cuyo,0,9.0
156411,CL,25-34,Male,0,0,9.0
157253,AR,0,0,0,D1,9.0
157241,AR,0,0,Patagonia,C2,9.0
156937,BR,0,0,0,0,9.0
156816,CL,0,Female,0,0,9.0
156423,PA,35-44,Female,0,0,9.0
156665,CL,0,0,0,D,9.0
157240,AR,0,0,0,D2E,9.0
156684,MX,25-34,0,0,0,9.0
156248,BR,0,0,0,0,9.0
157243,AR,0,Female,0,0,9.0
157462,BR,0,Female,0,0,9.0
156411,CO,18-24,Male,0,0,9.0
156816,CL,0,Female,0,0,9.0
157127,BR,0,0,Centro-Oeste,0,9.0
156354,CO,0,Female,Oriental,0,9.0
157243,AR,0,0,0,D1,9.0
157243,AR,0,Female,0,0,9.0
157003,CO,46-55,0,0,0,9.0
157241,AR,25-34,0,Cuyo,0,9.0
157241,AR,0,Female,Noroeste,0,9.0
157057,BR,45-54,0,0,0,9.0
157352,BR,0,0,0,0,9.0
157008,MX,0,Female,0,0,9.0
157241,AR,55-65,0,Cuyo,0,9.0
156972,CR,18-33,0,0,0,9.0
156052,EC,0,Male,0,0,9.0
155982,CR,45-65,Female,0,0,9.0
157243,AR,0,0,0,D1,9.0
157254,AR,0,Female,Cuyo,0,8.0
157243,AR,0,0,0,D1,8.0
157217,GT,0,0,0,0,8.0
157217,GT,0,0,0,0,8.0
157217,GT,0,0,0,0,8.0
157230,MX,0,0,0,0,8.0
157118,BR,45-54,Male,0,0,8.0
156052,EC,36-45,0,0,0,8.0
156411,AR,18-24,Female,0,0,8.0
157217,GT,0,0,0,0,8.0
157243,AR,0,Male,0,0,8.0
156411,AR,35-44,Male,0,0,8.0
157243,AR,0,Male,0,0,8.0
157276,CO,0,Female,0,0,8.0
157217,GT,0,0,0,0,8.0
157217,GT,0,0,0,0,8.0
157003,CO,26-35,0,0,0,8.0
157243,AR,0,0,0,D2E,8.0
157217,GT,0,0,0,0,8.0
157243,AR,0,Male,0,0,8.0
157243,AR,0,0,0,D1,8.0
157217,GT,0,0,0,0,8.0
157241,AR,0,0,Noroeste,D2E,8.0
157217,GT,0,0,0,0,8.0
156434,BR,50-99,0,0,C2,8.0
156083,CO,0,0,0,Estrato 4,8.0
156411,CO,45-54,Male,0,0,8.0
157241,AR,25-34,0,Noreste,0,8.0
156968,CL,0,Female,0,0,8.0
157058,BR,0,Male,0,B2,8.0
157241,AR,25-34,0,Patagonia,0,8.0
157241,AR,35-44,0,Noreste,0,8.0
156043,UY,0,0,0,M,8.0
156411,MX,25-34,Male,0,0,8.0
155514,CO,18-24,Male,0,0,8.0
156434,BR,50-99,0,0,C1,8.0
157241,AR,45-54,0,Noreste,0,8.0
155876,GT,0,0,0,0,8.0
156968,CL,36-45,0,0,C1b,8.0
155982,CR,0,0,0,0,8.0
157241,AR,55-65,0,Noreste,0,8.0
156110,BR,35-44,0,0,0,8.0
155876,GT,0,0,0,0,8.0
157253,AR,55-65,0,0,0,8.0
157235,AR,0,0,0,C2,8.0
156424,BR,50-99,0,0,D-E,8.0
157489,BR,0,0,0,0,8.0
157008,MX,0,Male,0,0,8.0
157008,MX,0,Male,0,0,8.0
156062,EC,18-24,Male,0,0,8.0
156427,MX,25-29,0,0,0,8.0
156816,CL,0,Male,0,0,8.0
156366,PA,0,0,Panama,0,8.0
157241,AR,0,0,Patagonia,ABC1,8.0
156816,CL,0,Female,0,0,7.0
156816,CL,0,Male,0,0,7.0
157118,BR,18-24,Male,0,0,7.0
157118,BR,55-99,Female,0,0,7.0
156684,MX,35-44,0,0,0,7.0
156684,MX,0,0,0,C+,7.0
157042,BR,35-44,0,0,B1,7.0
156665,CL,0,0,0,C3,7.0
156816,CL,0,Female,0,0,7.0
157008,MX,0,Male,0,0,7.0
156402,BR,50-99,0,0,C1,7.0
156816,CL,0,Male,0,0,7.0
156918,PR,65-74,Female,0,0,7.0
156653,AR,35-49,Female,0,0,7.0
156354,CO,0,Male,Oriental,0,7.0
156816,CL,0,Female,0,0,7.0
156411,CO,45-54,Female,0,0,7.0
156402,BR,50-99,0,0,D-E,7.0
157489,BR,55-99,0,0,0,7.0
156411,CO,25-34,Male,0,0,7.0
156816,CL,0,Male,0,0,7.0
155985,CR,0,0,0,0,7.0
157144,MX,0,0,0,C-,7.0
156846,CL,0,0,0,0,7.0
157253,AR,0,0,0,C2,7.0
157240,AR,55-65,0,0,0,7.0
157217,GT,0,0,0,0,7.0
157429,CL,43-55,0,0,0,7.0
156110,BR,55-99,0,0,0,7.0
157240,AR,35-44,0,0,0,7.0
155876,GT,0,0,0,0,7.0
156816,CL,0,Male,0,0,6.0
156799,HN,0,0,0,0,6.0
156799,HN,0,0,0,0,6.0
157201,CO,0,0,0,Estrato 6,6.0
156799,HN,0,0,0,0,6.0
156799,GT,0,0,0,0,6.0
156799,GT,0,0,0,0,6.0
156918,PR,25-34,Male,0,0,6.0
156799,GT,0,0,0,0,6.0
156799,GT,0,0,0,0,6.0
156811,BR,0,0,Sudeste,0,6.0
156799,GT,0,0,0,0,6.0
156799,HN,0,0,0,0,6.0
157234,AR,55-65,0,Patagonia,0,6.0
155876,GT,0,0,0,0,6.0
156816,CL,0,Female,0,0,6.0
156968,CL,0,Male,0,0,6.0
156799,HN,0,0,0,0,6.0
156799,GT,0,0,0,0,6.0
156799,HN,0,0,0,0,6.0
156517,MX,35-44,0,0,0,6.0
157057,BR,45-54,0,0,0,6.0
156286,MX,0,0,0,0,6.0
157057,BR,35-44,0,0,0,6.0
155982,CR,0,0,0,0,6.0
156918,PR,50-64,Male,0,0,6.0
157058,BR,0,Male,0,C1,6.0
157058,BR,0,Male,0,C2,6.0
157241,AR,25-34,0,Noroeste,0,6.0
156846,CL,0,0,0,0,6.0
157331,BR,0,0,0,C1,6.0
157217,GT,0,0,0,0,6.0
157331,BR,0,0,0,B1,6.0
156520,MX,45-65,Female,0,0,6.0
157462,BR,0,Male,0,0,6.0
157462,BR,0,Male,0,0,6.0
157489,BR,0,0,Sul,0,6.0
155267,PR,35-49,Male,0,0,6.0
155267,PR,18-34,Female,0,0,6.0
155903,MX,0,0,0,0,6.0
156951,MX,0,0,0,C,6.0
155876,GT,0,0,0,0,6.0
156918,PR,18-24,Male,0,0,6.0
157217,GT,0,0,0,0,6.0
155514,CO,35-44,Male,0,0,6.0
157217,GT,0,0,0,0,6.0
157217,GT,0,0,0,0,6.0
157217,GT,0,0,0,0,6.0
157042,BR,45-59,0,0,B1,6.0
155514,CO,18-24,Female,0,0,6.0
157201,CO,0,0,0,Estrato 6,6.0
157253,AR,45-54,0,0,0,6.0
157217,GT,0,0,0,0,6.0
156665,CL,18-29,Male,0,0,6.0
157217,GT,0,0,0,0,6.0
157243,AR,0,Male,0,0,6.0
157217,GT,0,0,0,0,6.0
157276,CO,0,Male,0,0,6.0
156816,CL,0,Female,0,0,6.0
157254,AR,0,0,Patagonia,D2E,6.0
157118,BR,55-99,Male,0,0,6.0
157217,GT,0,0,0,0,6.0
157201,CO,0,0,0,Estrato 6,6.0
157253,AR,0,Male,0,0,6.0
156951,MX,0,0,0,C,5.0
157445,BR,0,Male,0,0,5.0
156989,CL,0,0,0,AB,5.0
157254,AR,25-34,0,Patagonia,0,5.0
156816,CL,0,Male,0,0,5.0
155267,PR,18-34,Male,0,0,5.0
157253,AR,0,Male,0,0,5.0
156974,CR,0,0,Other,0,5.0
157240,AR,0,0,0,D1,5.0
157240,AR,0,0,0,C2,5.0
157331,BR,0,0,0,B2,5.0
155267,PR,35-49,Female,0,0,5.0
157042,BR,18-24,0,0,C1,5.0
156154,GT,25-39,0,0,0,5.0
157331,BR,0,0,0,C2,5.0
157210,MX,0,0,South-Central,0,5.0
156334,PA,25-39,0,0,0,5.0
157377,MX,0,0,0,0,5.0
157276,CO,0,Male,0,0,5.0
157241,AR,0,0,Cuyo,C2,5.0
156918,PR,65-74,Male,0,0,5.0
156402,BR,50-99,0,0,B2,5.0
157241,AR,0,0,Cuyo,D2E,5.0
157331,BR,0,0,0,C2,5.0
157331,BR,0,0,0,C1,5.0
157241,AR,0,0,Noreste,D2E,5.0
157331,BR,0,0,0,B1,5.0
157235,AR,45-54,0,0,0,5.0
156043,UY,0,0,0,A-,5.0
156350,AR,0,Male,0,0,5.0
157331,BR,0,0,0,A,5.0
157489,BR,0,0,0,0,5.0
156816,CL,0,Male,0,0,5.0
156958,CL,0,0,0,D,5.0
157235,AR,25-34,0,0,0,5.0
156411,MX,35-44,Female,0,0,5.0
157144,MX,16-29,Male,0,0,5.0
156799,HN,0,0,0,0,5.0
155514,CO,45-55,Male,0,0,5.0
157042,BR,35-44,0,0,A,5.0
156799,GT,0,0,0,0,5.0
157240,AR,45-54,0,0,0,5.0
157333,DO,18-30,0,0,0,5.0
157217,GT,0,0,0,0,5.0
157240,AR,45-54,0,0,0,5.0
157500,MX,0,0,0,0,5.0
157500,MX,0,0,0,0,5.0
155876,GT,0,0,0,0,5.0
157217,GT,0,0,0,0,5.0
157144,BR,0,Female,0,C2,5.0
156424,BR,50-99,0,0,C2,5.0
156402,BR,50-99,0,0,C2,5.0
157240,AR,0,0,0,C2,5.0
157500,MX,0,0,0,0,5.0
157489,BR,45-54,0,0,0,5.0
157500,MX,0,0,0,0,5.0
157253,AR,0,0,0,ABC1,4.0
157235,AR,55-65,0,0,0,4.0
157254,AR,0,0,Patagonia,ABC1,4.0
157254,AR,0,Female,Patagonia,0,4.0
157235,AR,25-34,0,0,0,4.0
157201,CO,0,0,0,Estrato 3,4.0
155985,CR,0,0,0,0,4.0
157241,AR,0,0,Cuyo,ABC1,4.0
156354,CO,0,Male,Pacific,0,4.0
155985,CR,0,0,0,0,4.0
156427,MX,18-24,0,0,0,4.0
157234,AR,45-54,0,Patagonia,0,4.0
155842,CO,0,0,0,0,4.0
157233,AR,55-65,0,0,D2E,4.0
155842,CO,0,0,0,0,4.0
155842,CO,0,0,0,0,4.0
155842,CO,0,0,0,0,4.0
155876,GT,0,0,0,0,4.0
157234,AR,25-34,0,Cuyo,0,4.0
157253,AR,0,0,0,D2E,4.0
157234,AR,35-44,0,Patagonia,0,4.0
157204,CO,0,0,0,Estrato 6,4.0
155842,CO,0,0,0,0,4.0
156735,MX,0,Female,0,0,4.0
157273,CO,0,0,0,Estrato 6,4.0
157253,AR,0,0,0,D1,4.0
157254,AR,55-65,0,Noreste,0,4.0
157230,MX,0,Female,0,C,4.0
157241,AR,0,0,Noroeste,D1,4.0
156402,BR,18-29,0,0,B1,4.0
157240,AR,0,0,0,ABC1,4.0
157331,BR,0,0,0,C2,4.0
157240,AR,0,0,0,ABC1,4.0
156918,PR,50-64,Female,0,0,4.0
156918,PR,35-49,Male,0,0,4.0
157240,AR,25-34,0,0,0,4.0
157240,AR,0,0,0,D1,4.0
157489,BR,0,0,0,0,4.0
157331,BR,0,0,0,C2,4.0
157331,BR,0,0,0,C1,4.0
157240,AR,35-44,0,0,0,4.0
157331,BR,0,0,0,B1,4.0
157331,BR,0,0,0,B2,4.0
156816,CL,0,Female,0,0,4.0
157233,AR,55-65,0,0,D1,3.0
157331,BR,0,0,0,C1,3.0
157240,AR,0,0,0,ABC1,3.0
157058,BR,0,Male,0,B1,3.0
155842,CO,0,0,0,0,3.0
155842,CO,0,0,0,0,3.0
155842,CO,0,0,0,0,3.0
157240,AR,0,0,0,C3,3.0
155842,CO,0,0,0,0,3.0
155842,CO,0,0,0,0,3.0
156816,CL,0,Male,0,0,3.0
155903,MX,0,0,0,C,3.0
157445,BR,0,Female,0,0,3.0
157234,AR,45-54,0,Cuyo,0,3.0
157489,BR,0,0,0,0,3.0
156816,CL,0,Female,0,0,3.0
156816,CL,0,Female,0,0,3.0
157155,BR,35-44,Male,0,0,3.0
157254,AR,0,0,Patagonia,D1,3.0
157254,AR,0,0,Noroeste,C2,3.0
157254,AR,0,0,Noreste,D2E,3.0
157273,CO,0,0,0,Estrato 2,3.0
157273,CO,0,0,0,Estrato 4,3.0
155168,AR,0,0,0,ABC1,3.0
157042,BR,0,0,Norte,0,3.0
157204,CO,0,0,0,Estrato 6,3.0
155229,MX,0,0,0,0,3.0
157204,CO,0,0,0,Estrato 6,3.0
156424,BR,50-99,0,0,C1,3.0
157253,AR,35-44,0,0,0,3.0
155514,CO,0,0,0,Estrato 6,3.0
155514,CO,0,0,0,Estrato 5,3.0
157253,AR,25-34,0,0,0,3.0
157235,AR,55-65,0,0,0,3.0
157201,CO,0,0,0,Estrato 5,3.0
157235,AR,45-54,0,0,0,3.0
157235,AR,35-44,0,0,0,3.0
157240,AR,25-34,0,0,0,3.0
156958,CL,0,0,0,C3,3.0
157235,AR,25-34,0,0,0,3.0
156816,CL,0,Male,0,0,3.0
155842,CO,0,0,0,0,3.0
157254,AR,0,0,Patagonia,C2,3.0
157241,AR,0,0,Noreste,C2,3.0
157241,AR,0,0,Noreste,C3,3.0
156402,BR,30-49,0,0,D-E,3.0
157241,AR,0,0,Noroeste,C3,3.0
157241,AR,0,0,Cuyo,D1,3.0
156402,BR,50-99,0,0,A,3.0
157118,BR,35-44,Male,0,0,3.0
157233,AR,55-65,0,0,D2E,2.0
157235,AR,35-44,0,0,0,2.0
156918,DO,25-34,Male,0,0,2.0
156424,BR,30-49,0,0,D-E,2.0
156918,DO,18-24,Male,0,0,2.0
156434,BR,50-99,0,0,B1,2.0
157233,AR,55-65,0,0,D1,2.0
157333,DO,31-44,0,0,0,2.0
157235,AR,45-54,0,0,0,2.0
156402,BR,50-99,0,0,B1,2.0
155843,CO,0,0,0,0,2.0
156918,PR,25-34,Female,0,0,2.0
155518,CO,45-55,Female,0,0,2.0
156434,BR,18-29,0,0,C1,2.0
155518,CO,45-55,Male,0,0,2.0
157253,AR,45-54,0,0,0,2.0
156110,BR,0,0,0,0,2.0
157234,AR,45-54,0,Noreste,0,2.0
155876,GT,35-44,0,0,0,2.0
156968,CL,25-35,0,0,C1b,2.0
156816,CL,0,Male,0,0,2.0
157234,AR,35-44,0,Noroeste,0,2.0
157234,AR,25-34,0,Patagonia,0,2.0
155985,CR,0,0,0,0,2.0
156918,DO,35-49,Male,0,0,2.0
157233,AR,55-65,0,0,C2,2.0
155843,CO,0,0,0,0,2.0
155843,CO,0,0,0,0,2.0
157254,AR,0,0,Noroeste,D2E,2.0
156918,DO,65-74,Female,0,0,2.0
155843,CO,0,0,0,0,2.0
157254,AR,55-65,0,Patagonia,0,2.0
157254,AR,55-65,0,Noroeste,0,2.0
155843,CO,0,0,0,0,2.0
157273,CO,0,0,0,Estrato 5,2.0
156052,EC,0,0,0,0,2.0
157359,MX,0,Female,0,0,2.0
157354,BR,0,0,0,0,2.0
156918,DO,65-74,Male,0,0,2.0
157217,GT,0,0,0,0,2.0
155876,GT,0,0,0,0,2.0
157254,AR,45-54,0,Noreste,0,2.0
157254,AR,25-34,0,Noreste,0,2.0
157253,AR,0,Female,0,0,2.0
155843,CO,0,0,0,0,2.0
157253,AR,0,0,0,C3,2.0
156918,DO,50-64,Female,0,0,2.0
156918,DO,50-64,Male,0,0,2.0
156918,DO,35-49,Female,0,0,2.0
157253,AR,0,0,0,D2E,2.0
155843,CO,0,0,0,0,2.0
155514,CO,25-34,Female,0,0,2.0
157331,BR,0,0,0,B1,2.0
157233,AR,55-65,0,0,C3,2.0
155843,CO,0,0,0,0,2.0
157233,AR,25-34,0,0,C2,2.0
157233,AR,25-34,0,0,D2E,2.0
157331,BR,0,0,0,B2,2.0
157331,BR,0,0,0,B2,2.0
157233,AR,45-54,0,0,D2E,2.0
157233,AR,45-54,0,0,D1,2.0
157233,AR,25-34,0,0,D1,2.0
155842,CO,0,0,0,0,2.0
157489,BR,0,0,0,0,2.0
157233,AR,45-54,0,0,C2,2.0
156110,BR,0,0,0,0,2.0
156953,MX,0,0,0,0,2.0
157233,AR,35-44,0,0,C2,2.0
157233,AR,35-44,0,0,D1,2.0
157233,AR,35-44,0,0,D2E,2.0
157233,AR,35-44,0,0,D2E,2.0
157233,AR,55-65,0,0,D2E,2.0
155843,CO,0,0,0,0,2.0
157489,BR,0,0,Nordeste,0,2.0
156816,CL,0,Male,0,0,2.0
157233,AR,45-54,0,0,D2E,2.0
157233,AR,45-54,0,0,D1,2.0
155267,PR,50-99,Male,0,0,2.0
157233,AR,45-54,0,0,C2,2.0
156951,MX,0,0,0,C,2.0
156769,EC,0,0,0,0,2.0
157233,AR,45-54,0,0,D2E,2.0
156062,EC,35-44,Male,0,0,2.0
155842,CO,0,0,0,0,2.0
157118,BR,25-34,Male,0,0,2.0
157233,AR,45-54,0,0,D1,2.0
157276,CO,0,Female,0,0,1.0
155843,CO,0,0,0,0,1.0
155843,CO,0,0,0,0,1.0
157258,PA,45-54,Male,0,0,1.0
157118,BR,45-54,Female,0,0,1.0
157204,CO,0,0,0,Estrato 5,1.0
155843,CO,0,0,0,0,1.0
155843,CO,0,0,0,0,1.0
157233,AR,35-44,0,0,C3,1.0
155843,CO,0,0,0,0,1.0
157204,CO,0,0,0,Estrato 5,1.0
157254,AR,0,Male,Noreste,0,1.0
157042,BR,45-59,0,0,B2,1.0
155843,CO,0,0,0,0,1.0
156846,CL,0,0,0,0,1.0
156402,BR,18-29,0,0,B2,1.0
157253,AR,0,0,0,D2E,1.0
157233,AR,25-34,0,0,D1,1.0
157253,AR,0,Female,0,0,1.0
155843,CO,0,0,0,0,1.0
157273,CO,0,0,0,Estrato 3,1.0
156434,BR,50-99,0,0,B2,1.0
156062,EC,25-34,Male,0,0,1.0
156052,EC,0,Female,0,0,1.0
157233,AR,25-34,0,0,D2E,1.0
157057,BR,55-64,0,0,0,1.0
157254,AR,0,0,Patagonia,C3,1.0
155843,CO,0,0,0,0,1.0
157254,AR,45-54,0,Patagonia,0,1.0
157058,BR,0,Female,0,C2,1.0
156350,AR,0,Female,0,0,1.0
156145,CO,35-44,0,0,Estrato 4,1.0
156110,BR,0,0,0,0,1.0
156402,BR,18-29,0,0,D-E,1.0
157233,AR,25-34,0,0,D2E,1.0
155843,CO,0,0,0,0,1.0
157240,AR,0,0,0,D1,1.0
157253,AR,55-65,0,0,0,1.0
157233,AR,45-54,0,0,C3,1.0
155842,CO,0,0,0,0,1.0
157352,BR,0,0,0,0,1.0
157235,AR,35-44,0,0,0,1.0
156816,CL,0,Male,0,0,1.0
156816,CL,25-34,Male,0,0,1.0
156052,EC,15-18,0,0,0,1.0
157240,AR,0,0,0,C3,1.0
156411,MX,45-54,Male,0,0,1.0
156816,CL,0,Male,0,0,1.0
156434,BR,30-49,0,0,C1,1.0
156434,BR,18-29,0,0,C2,1.0
157235,AR,35-44,0,0,0,1.0
157489,BR,35-44,0,0,0,1.0
155985,CR,0,0,0,0,1.0
157234,AR,25-34,0,Noroeste,0,1.0
157241,AR,0,0,Noreste,D1,1.0
157234,AR,25-34,0,Noreste,0,1.0
157240,AR,0,0,0,C2,1.0
157240,AR,0,0,0,C3,1.0
157233,AR,55-65,0,0,C2,1.0
157233,AR,55-65,0,0,C3,1.0
157233,AR,55-65,0,0,D1,1.0
157331,BR,0,0,0,A,1.0
157352,BR,0,0,0,0,1.0
157204,CO,0,0,0,Estrato 3,1.0
157201,CO,0,0,0,Estrato 5,1.0
157253,AR,55-65,0,0,0,1.0
155843,CO,0,0,0,0,1.0
157233,AR,35-44,0,0,D1,1.0
157489,BR,0,0,0,0,1.0
156424,BR,50-99,0,0,B1,1.0
155514,CO,45-55,Female,0,0,1.0
157233,AR,35-44,0,0,D2E,1.0
155982,CR,0,0,0,0,1.0
157253,AR,35-44,0,0,0,1.0
156918,DO,18-24,Female,0,0,1.0
156258,CR,41-65,Male,0,0,1.0
156434,BR,50-99,0,0,A,1.0
156424,BR,18-29,0,0,D-E,1.0
155843,CO,0,0,0,0,1.0
157489,BR,0,0,0,0,1.0
155843,CO,0,0,0,0,1.0
155982,CR,0,0,0,0,1.0
157042,BR,25-34,0,0,B1,1.0
157233,AR,45-54,0,0,C3,1.0
156354,CO,0,Female,Pacific,0,1.0
155843,CO,0,0,0,0,1.0
157240,AR,25-34,0,0,0,1.0
155842,CO,0,0,0,0,1.0
